job_title,job_dq,job_tag,job_salary,job_labels,company,company_field,company_size,hr,hr_pos
Java开发工程师,杭州-余杭区,急聘,11-17k·13薪,"1-3年,统招本科,分布式,spring,java,mybatis,数据库,redis,linux,mongodb",杭州思普盟网络科技有限公司,计算机软件,B轮,许女士,
JAVA开发工程师,北京-丰台区,急聘,15-25k·13薪,"3-5年,统招本科,分布式,spring,java,mysql,mybatis,数据库,oracle,linux,postgresql",北京易联达商务服务有限公司,计算机软件,100-499人,寇女士,招聘经理
Java开发工程师,广州-天河区,急聘,15-25k·14薪,"3-5年,本科,通信领域,架构设计,需求分析,关系型数据库,UML,JSON",天翼数字生活科技有限公司,互联网/电商,1000-2000人,潘女士,招聘专员
JAVA微服务高级工程师,大连,,15-25k·15薪,"5-10年,本科及以上,Java,微服务",知名跨国IT公司,计算机软件,融资未公开,龚女士,猎头顾问
Java Developer,天津-滨海新区,,15-25k·13薪,"3-5年,统招本科,Koa,j2me,J2SE,SQL,Java",某知名公司,计算机软件,不需要融资,丁先生,猎头顾问
大学java讲师带薪寒假8-12K,常德-武陵区,,8-12k,"1-3年,统招本科",湖北美和易思教育科技有限公司湖南分公司,专业服务,1000-2000人,邹女士,
java架构师,深圳-南山区,,25-40k,"5-10年,统招本科,java,spring,mysql,linux,redis,mybatis,sql",诺博医疗,医疗器械,C轮,刘女士,人事行政经理
高级java工程师,深圳-南山区,,18-30k,"5-10年,本科,spring,java,mysql,mybatis,数据库,redis,linux,sql,git,shell",诺博医疗,医疗器械,C轮,刘女士,人事行政经理
Java资深/架构师/总监,深圳,,35-70k·14薪,"10年以上,本科",跨越速运,交通/物流/运输,10000人以上,郭先生,招聘专家
java高级开发工程师,杭州-余杭区,,17-23k·13薪,"5-10年,统招本科,spring,java,mysql,mybatis,redis,linux",杭州思普盟网络科技有限公司,计算机软件,B轮,许女士,
JAVA开发工程师（DHR),广州-天河区,,12-25k·13薪,"3-5年,本科,Java,元数据,权限,流程引擎",中数通信息,通信技术提供商,1000-2000人,杨女士,中数通HR@杨
Java开发工程师【深圳】,深圳-南山区,,15-26k·13薪,"3-5年,统招本科,java,mysql,数据库,redis,sql,mongodb",兴海物联,人工智能,其他,毛女士,招聘管理岗
java高级工程师,上海,,20-30k·17薪,"1-3年,统招本科,spring,java,mysql,mybatis,redis,oracle,sql",Onchain,互联网金融,A轮,杨女士,HRM
java技术经理,武汉,,20-25k·15薪,"5-10年,统招本科,Spark,服务器开发,JVM,系统开发,模块开发,Kafka,Hadoop,Elasticsearch,MongoDB,关系型数据库",某武汉制药上市公司,制药/生物工程,已上市,顾颖斌,猎头顾问
java后端开发,温州-鹿城区,,6-12k,"3-5年,本科,Web开发,Struts,商业信息化,Hibernate,VR开发,Spring,框架设计,框架开发,架构设计,R语言",杰翎健康,IT服务,融资未公开,甘女士,人事职员
JAVA开发工程师（供应链）,广州-天河区,,12-22k·13薪,"3-5年,本科,Java",中数通信息,通信技术提供商,1000-2000人,杨女士,中数通HR@杨
java开发工程师,深圳-宝安区,,18-30k,"3-5年,本科,系统开发,MySQL,Spring",唯景互娱,计算机软件,50-99人,蒋女士,HR
Java开发工程师,郑州-金水区,,6-12k·13薪,"1-3年,统招本科,系统开发,SpringMVC,Mybatis,IT/信息化领域,J2EE,Java",北京思诺博信息技术有限公司,ERP,融资未公开,姚女士,人事经理
IBM对日高级开发顾问（Java方向）,大连-旅顺口区,,18-30k·13薪,"经验不限,本科,项目管理,架构设计",国际商业机器全球服务(大连)有限公司,IT服务,10000人以上,王先生,Talent Acquisition Manager
后端开发工程师(J10275),北京-海淀区,,20-30k·14薪,"3-5年,硕士,SpringBoot,Spring Boot,Perl,Hadoop,Shell,Java,Python",成方金科,金融科技,融资未公开,段先生,招聘负责人
研发副经理（Java方向）,成都-高新区,,20-40k,"10年以上,统招本科,架构设计,技术支持,技术战略,系统设计,算法设计,Java,消息队列,MySQL",海泰方圆,计算机软件,天使轮,徐先生,招聘经理
JAVA 软件工程师,杭州-余杭区,,12-20k,"3-5年,统招本科,移动开发,架构设计,MySQL,SQL Server,Solr,Oracle",复星北铃(北京)医疗科技有限公司,医疗器械,融资未公开,贾女士,HRBP
JAVA 软件工程师,北京-朝阳区,,15-25k,"3-5年,统招本科,架构设计,移动开发,Solr,MySQL,SQL Server,Oracle",复星北铃(北京)医疗科技有限公司,医疗器械,融资未公开,贾女士,HRBP
java工程师,重庆,,10-15k,"1-3年,本科,系统开发,需求分析,架构设计,关系型数据库,SVN,GIT",芯爱智能,人工智能芯片,50-99人,付女士,行政人事经理
高级java工程师（智能上海）,上海-黄浦区,,21-25k,"5-10年,本科,SpringCloud,工业互联网,Java,Redis,MongoDB",宝通科技,橡塑制品,沪深A股上市,涂女士,人事经理
高级Java开发工程师(苏州)(J10486),苏州-吴江区,,10-15k·14薪,"3-5年,本科,jQuery,Tomcat,J2EE,前端开发,后端开发,Java",善诚科技发展上海,IT服务,100-499人,张女士,招聘担当
java 中级软件开发工程师(科电航宇),成都-青羊区,,15-30k·13薪,"3-5年,本科,通信领域,框架开发,框架设计,后端开发,Qt,消息队列,D语言,QML,UML,Qt Creator",广东省大湾区集成电路与系统应用研究院,芯片/集成电路,100-499人,李女士,招聘主管
Java开发工程师,上海-徐汇区,,17-25k·15薪,"5-10年,本科,后端开发,Spring,框架开发,框架设计,Spring Cloud,模块开发,JVM,Java,Golang,Objective-C",公牛集团,家具/家电,沪深A股上市,左女士,招聘经理
高级java开发工程师,苏州,,17-20k·14薪,"3-5年,大专,架构设计,IT/信息化领域,Docker,Redis,Oracle,MySQL,容器,SQL,Couchbase,消息队列",同程旅行,O2O服务,10000人以上,邱女士,HRBP
java开发工程师,上海-长宁区,,15-18k,"3-5年,本科,模块开发,需求分析,架构设计,Redis",北京瑞友科技股份有限公司,计算机软件,其他,张女士,招聘主管
JAVA系统开发工程师,北京-朝阳区,,15-20k·14薪,"3-5年,本科,jave",旅视万杨,房产开发,融资未公开,刘先生,招聘经理
（医药信息化）Java架构师,上海-徐汇区,,30-45k,"5-10年,统招本科,架构设计,技术战略,Java,SQL,Python,SQL Server",惠每移健(北京)科技有限公司,医疗信息化,100-499人,陈女士,招聘经理
Java游戏开发工程师,广州-天河区,,15-25k,"1-3年,大专,spring,java,mysql,数据库,linux,sql,netty",乐趣无限,社交网络,A轮,叶女士,招聘HR
高级java开发工程师,杭州,,25-45k·15薪,"5-10年,本科,java,mysql,数据库,oracle,linux,sql,saas",硕磐智能,计算机软件,其他,周先生,人力资源总监hrd
中高级Java开发工程师（基础开发平台研发方向）,青岛-市北区,,12-20k,"3-5年,本科,分布式,java,mysql,数据库,oracle,sql,前端开发,docker,vue,jenkins",山东正德弘远软件科技股份有限公司,计算机软件,融资未公开,孙女士,人事
java开发工程师,佛山-禅城区,,15-26k,"5-10年,本科,java",简一陶瓷,房地产/建筑,1000-2000人,陈女士,招聘经理/主管
技术总经理（Java方向）,北京-海淀区,,20-40k,"10年以上,统招本科,java,mysql,算法,oracle,javascript,css,html",海泰方圆,计算机软件,天使轮,徐先生,招聘经理
Java架构师,青岛-李沧区,,10-15k·15薪,"3-5年,统招本科,java",青岛中瑞集团,互联网/电商,2000-5000人,宋女士,HR
资深JAVA工程师（职位编号：LZHR154）,北京,,25-35k,"5-10年,本科,java",朗致集团,制药/生物工程,10000人以上,安女士,应届生
Java开发工程师,天津,,8-12k,"经验不限,学历不限,网络开发,前端开发,Apache,Objective-C,Java,C/C++,C语言",宜科电子,电子/芯片/半导体,500-999人,李女士,
java Leader,上海-闵行区,,25-35k·17薪,"5-10年,统招本科,框架开发,框架设计,架构设计,Tomcat,UML,MySQL,Java,Eclipse,Maven,GIT",某大型互联网公司,互联网/电商,C轮,李先生,猎头顾问
高级java开发工程师,北京-大兴区,,25-40k·13薪,"5-10年,统招本科,java",某大型医药集团,互联网/电商,融资未公开,王女士,猎头顾问
Java工程师（上海，长沙）,上海,,15-20k,"1-3年,大专及以上,模块开发,需求分析,架构设计,Redis,Couchbase,Shell,MySQL,Python,SQL,Unix",某上海计算机软件公司,企业服务软件,天使轮,古女士,猎头顾问
java研发专家（北/上/成/广）,北京,,35-50k·15薪,"经验不限,统招本科,大数据领域,云计算领域,框架设计,框架开发,SQL,UML,MySQL,Java,Unix",某知名云计算公司,计算机软件,5000-10000人,高女士,猎头顾问
java,南京-雨花台区,,18-24k,"3-5年,大专",软通动力,互联网/电商,10000人以上,张女士,招聘顾问
java工程师,成都-高新区,,13-20k,"5-10年,统招本科",友邦资讯科技,IT服务,500-999人,李女士,招聘负责人兼HRBP
java开发程师（中级）,长春-净月区,,8-15k,"3-5年,大专,后端开发,系统开发,Java,银行领域",北京和顺恒通科技有限公司,金融科技,融资未公开,臧女士,集团人资经理
中高级Java开发工程师（唐山）,唐山-路北区,,12-22k,"3-5年,大专",北京和顺恒通科技有限公司,金融科技,融资未公开,臧女士,集团人资经理
资深java工程师,北京-朝阳区,,18-35k·14薪,"5-10年,统招本科",北京高域海汇科技有限公司,大数据行业应用,其他,胡女士,高级招聘专员
Java 后端开发工程师,北京-海淀区,,12-18k,"3-5年,本科",北京南天智联信息科技股份有限公司,政务/公共服务,50-99人,陈女士,HR经理
java开发,北京-东城区,,20-40k,"3-5年,统招本科",民生科技有限责任公司,IT服务,5000-10000人,蒋先生,
数据平台java工程师(J10590),成都-高新区,,18-36k·15薪,"经验不限,统招本科",斑马网络技术有限公司,互联网/电商,1000-2000人,程女士,HR（招聘）
技术经理（Java架构师）,北京-朝阳区,,30-50k,"10年以上,本科,SpringCloud,架构设计,技术管理,Java,J2EE,团队管理,软件开发,技术战略",德联易控,互联网/电商,50-99人,胡女士,HRD
高级JAVA工程师（云管）base 武汉、成都(J10233),成都,,15-25k·14薪,"5-10年,本科",北京青云科技股份有限公司,IT服务,科创板上市,王女士,人力资源伙伴(HRBP)&组织人才培养发展专家（TD）
java算法工程师,郑州-高新区,,10-12k,"经验不限,本科,后端开发,算法优化,算法开发",巩义市广益耐火材料有限公司,批发零售,50-99人,王先生,办公室职员
java高级开发工程师,深圳-南山区,,15-25k,"5-10年,统招本科,IT/信息化领域,系统开发,Java,Javascript,HTML",深圳市广和通无线股份有限公司,计算机/网络设备,已上市,周女士,
Senior Software Engineer (Java),成都-高新区,,18-30k·13薪,"经验不限,统招本科,Spring,Spring Cloud,Java,SQL,Docker,后端开发,IT/信息化领域,银行领域,金融领域,电商领域",亿磐,计算机软件,美股上市,李女士,招聘顾问
Senior Software Engineer (Java),苏州-工业园区,,18-25k·13薪,"经验不限,统招本科,后端开发,Spring,Docker,Spring Cloud,Java,IT/信息化领域,银行领域,商业信息化,大数据领域,电商领域",亿磐,计算机软件,美股上市,李女士,招聘顾问
java高级工程师,重庆-渝北区,,10-13k,"5-10年,本科,架构开发,Java,SpringMVC,Spring Boot,MySQL",重庆畅停,IT服务,融资未公开,孙女士,行政经理/主管/办公室主任
高级JAVA研发工程师,武汉-武昌区,,10-17k,"3-5年,统招本科,JVM,架构设计,SpringCloud,系统开发,Dubbo,消息队列,MySQL,Elasticsearch,RabbitMQ,Docker",湖北长江云新媒体集团有限公司,互联网+,100-499人,鄢女士,招聘专员
Java开发工程师,上海-浦东新区,,15-25k,"3-5年,本科,电商领域,教育领域,IT/信息化领域,模块开发,Java,SQL,SVN",沪江,在线教育,D轮,张先生,招聘
高级java开发工程师,天津,,10-25k,"经验不限,本科,模块开发,架构设计,Java,Jbuilder,Eclipse",尚仕时尚科技,医疗/保健/美容,1000-2000人,贾女士,招聘主管
Java开发工程师（公共技术） (MJ004594),广州-番禺区,,20-40k·13薪,"5-10年,统招本科,框架设计,框架开发,系统开发,电商领域",欢聚集团,互联网/电商,美股上市,刘女士,人事
Java Leader,上海-静安区,,面议,"5-10年,统招本科,Spring Boot,需求分析,架构设计,Spring Cloud,Redis,Kafka,Java,后端开发,架构开发,MySQL",玫琳凯,快消品,融资未公开,张先生,
Java开发工程师,上海-浦东新区,,15-30k,"3-5年,统招本科,系统开发,Java,Objective-C,C/C++,C语言,C#,Python",上海金纳信息科技有限公司,互联网金融,50-99人,杨女士,HR
JAVA Architect (Architecture Development) JAVA架构师（架构开发）,深圳-福田区,,30-40k,"5-10年,本科,JVM,Etcd,Cache,Redis",海通国际(上海)股权投资基金管理有限公司,基金/证券/投资,融资未公开,何女士,
Senior JAVA Development Engineer(Architecture Development)高级JAVA开发工程师,深圳-福田区,,20-28k,"5-10年,本科,JVM,SystemVerilog,Kafka,Redis,Pulsar,Etcd,Cache,.NET",海通国际(上海)股权投资基金管理有限公司,基金/证券/投资,融资未公开,何女士,
Java资深开发工程师,成都-高新区,,10-20k·13薪,"5-10年,本科,DevOps,Sybase,Redis,Docker,Kubernetes",友邦资讯科技,IT服务,500-999人,肖女士,HRBP
java工程师,郑州-金水区,,7-9k,"1-3年,本科,架构设计,需求分析,SpringBoot,Spring Boot,前端开发,框架设计,框架开发,架构开发,系统开发,SQL",洛阳尤尼星运输有限公司,道路运输,50-99人,白女士,人事
java技术经理,广州-天河区,,20-30k,"5-10年,本科,Java,架构设计,全栈开发,项目管理,项目交付,交付经理,架构师,技术经理,解决方案,金融领域",京北方信息,IT服务,已上市,梁女士,招聘顾问
Java开发工程师,深圳-福田区,,18-20k,"3-5年,本科,Dubbo,Java,Spring Boot",小小金(深圳)投资控股有限公司,专业服务,50-99人,叶女士,人事经理
JAVA开发工程师（厦门）,厦门-思明区,,10-15k,"1-3年,大专,框架设计,框架开发,Spring,SpringMVC,IOS框架,SpringBoot,Spring Boot,Mybatis,jQuery,JVM",今天国际,计算机软件,沪深A股上市,丹先生,招聘经理
java开发(OA系统),武汉-江夏区,,面议,"1-3年,统招本科,Java,教育领域,医疗领域,人工智能领域",武汉中旗生物医疗电子有限公司,医疗器械,100-499人,蔡女士,人事主管
java工程师,上海-普陀区,,16-25k·14薪,"3-5年,大专,J2EE,后端开发,Javascript,XML,工业互联网,WebLogic,Myeclipse,HTML5,SQL Server,MySQL",上海联元智能科技有限公司,互联网/电商,B轮,杨女士,人事专员
高级Java开发工程师（大数据方向）,上海-杨浦区,,20-35k,"5-10年,学历不限,JVM,框架开发,框架设计,架构设计,SQL,Redis,Java,消息队列,PostgreSQL,MySQL",沪江,在线教育,D轮,张先生,招聘
高级java工程师,深圳,,28-35k,"5-10年,大专,SpringCloud,Java,后端开发,系统开发,IT/信息化领域",云集智造,企业服务软件,融资未公开,林女士,HR
Java开发工程师,深圳-南山区,,10-20k,"3-5年,统招本科,模块开发,功能开发,架构设计,架构开发,移动开发,系统开发,前端开发,SQL,Java",深圳麦格米特电气股份有限公司,电子/芯片/半导体,沪深A股上市,蔡女士,人力资源
Java开发工程师(QM),北京-朝阳区,,15-20k,"1-3年,统招本科,Java",瞬联软件科技,计算机软件,1000-2000人,刘女士,招聘经理
Software Engineer (Java),深圳-南山区,,面议,"1-3年,学历不限,CI,SQL,Oracle,Shell,.NET,ActionScript,SQL Server",亿磐,计算机软件,美股上市,李女士,无
Senior Software Engineer (Java),深圳-南山区,,面议,"3-5年,学历不限,Spring,Spring Cloud,CI,Java,.NET,SQL Server,SQL,ActionScript,非关系型数据库,Linux",亿磐,计算机软件,美股上市,李女士,无
Senior Software Engineer (Java),深圳-南山区,,面议,"3-5年,学历不限,Spring,Spring Cloud,CI,Java,.NET,SQL Server,SQL,ActionScript,非关系型数据库,Linux",亿磐,计算机软件,美股上市,李女士,无
高级java开发工程师,深圳,,27-35k,"5-10年,大专,Spring Cloud,Spring,JVM,架构设计,Kubernetes,Docker,SQL",云集智造,企业服务软件,融资未公开,覃女士,招聘专员
java高级开发工程师,无锡,,15-18k,"5-10年,本科,工业互联网,SpringCloud,Java,MongoDB",宝通科技,橡塑制品,沪深A股上市,涂女士,人事经理
高级java工程师,北京-海淀区,,20-30k,"5-10年,统招本科,系统开发,后端开发,需求分析,Oracle,分布式数据库,Redis,消息队列,Java,MySQL,SQL",北京精英路通科技有限公司,IT服务,其他,戎女士,人事专员
JAVA开发工程师(深圳),深圳,,25-35k,"5-10年,统招本科,Java",瑞声光电,电子/芯片/半导体,10000人以上,邓女士,人力资源伙伴(HRBP)
中级Java开发工程师,常州-武进区,,20-35k,"5-10年,统招本科,服务器开发,系统开发,IT/信息化领域,需求分析,容器,Java,R语言",瑞声光电,电子/芯片/半导体,10000人以上,邓女士,人力资源伙伴(HRBP)
高级java开发工程师,武汉-洪山区,,18-30k·13薪,"5-10年,统招本科,SpringMVC,架构设计,系统开发,Spring,Mybatis,SQL,Java",赛意信息,计算机软件,创业板上市,黄女士,
高级java开发工程师,深圳-龙华区,,18-30k·13薪,"5-10年,统招本科,SpringMVC,Mybatis,Spring,系统开发,架构设计,SQL,Java",赛意信息,计算机软件,创业板上市,黄女士,
高级java开发工程师,深圳-龙岗区,,18-30k·13薪,"5-10年,统招本科,SpringMVC,Mybatis,Spring,系统开发,架构设计,SQL,Java",赛意信息,计算机软件,创业板上市,黄女士,
java开发工程师,厦门-思明区,,10-15k,"3-5年,大专,spring,java,mysql,数据库,linux,sql,dubbo,git,netty,idea",厦门悠生活网络科技有限公司,O2O服务,50-99人,吴女士,人力资源总监hrd
java后台开发工程师,北京-朝阳区,,10-15k,"1-3年,大专,java,mysql,redis,jquery,javascript,css,html,dubbo,mongodb,crm",北京美中宜和妇儿医院有限公司,医疗/保健/美容,1000-2000人,杨女士,招聘经理
Java开发工程师,广州-天河区,,15-30k·13薪,"3-5年,统招本科,java,Spring Boot,后端开发,Spring Cloud,Spring MVC",广州有信科技有限公司,云计算,B轮,陈女士,招聘主管
Senior Software Engineer (Java),苏州-工业园区,,面议,"5-10年,学历不限,spring,java,hibernate,oracle,linux,javascript,svn,git,junit,docker",亿磐,计算机软件,美股上市,李女士,无
Software Engineer (Java),苏州-工业园区,,面议,"1-3年,学历不限,spring,java,hibernate,oracle,linux,javascript,svn,git,shell,jenkins",亿磐,计算机软件,美股上市,李女士,无
Senior Software Engineer (Java),成都-高新区,,面议,"3-5年,学历不限,spring,java,hibernate,oracle,linux,javascript,svn,git,junit,docker",亿磐,计算机软件,美股上市,李女士,无
中欧财富 Java开发工程师,上海-虹口区,,面议,"1-3年,本科,spring,java,mybatis,数据库,sql,服务器配置",中欧基金,基金,100-499人,张女士,人力资源
Java开发工程师（南京））,南京-江宁区,,7-12k·14薪,"1-3年,统招本科,spring,java,mysql,mybatis,数据库,oracle,sql,eclipse,git,项目管理",适途汽车,计算机软件,500-999人,陈女士,人力资源
java开发工程师,苏州-虎丘区,,10-20k·13薪,"3-5年,本科,spring,java,mysql,数据库,sql,python",苏州万店掌网络科技有限公司,计算机软件,C轮,钱女士,hrbp
高级JAVA 工程师,北京-海淀区,,30-40k·14薪,"5-10年,本科,分布式,spring,java,mysql,mybatis,数据库,struts,sql,javascript",艾迪泰科科技(北京)有限公司,制药/生物工程,融资未公开,赵女士,HRD
JAVA全栈开发,南宁-青秀区,,4-8k,"1-3年,本科,javascript,java,css,mysql,数据库,spring,linux,html,bootstrap,ajax",云图智造(北京)科技有限公司,计算机软件,融资未公开,韩女士,HR
Software Engineer (Java),成都-高新区,,面议,"1-3年,学历不限,CI,.NET,SQL,ActionScript,SQL Server,Shell,Oracle",亿磐,计算机软件,美股上市,李女士,无
资深Java开发工程师（第二药房）,北京-大兴区,,25-30k,"3-5年,统招本科,spring,java,mybatis,dubbo,nosql",朗致集团,制药/生物工程,10000人以上,安女士,应届生
Java工程师（支付）,上海,,15-30k·14薪,"3-5年,本科,java,mysql,mybatis,redis,linux",同程数科,金融科技,其他,樊女士,招聘专员
高级java开发工程师,深圳-福田区,,15-30k,"5-10年,本科,分布式,spring,java,mysql,数据库,redis,sql,nosql,mongodb,hadoop",深圳前海鼎颂法务创新集团,大数据,50-99人,韦先生,
中级java工程师,北京-海淀区,,20-30k·14薪,"1-3年,本科,分布式,spring,java,mysql,mybatis,数据库,struts,sql,javascript",艾迪泰科科技(北京)有限公司,制药/生物工程,融资未公开,赵女士,HRD
Japanese Java 日语,上海,,12-24k·13薪,"经验不限,学历不限,javascript,java,angular",普华永道信息技术,IT服务,10000人以上,邹女士,HR
java开发工程师,沧州,,6-10k,"1-3年,大专,分布式,java,mysql,mybatis,redis,oracle,javascript,junit",河北华烨冀科信息技术有限责任公司,计算机软件,融资未公开,刘女士,人事
JAVA软件工程师-中级/中高级 (MJ000478),廊坊-广阳区,,15-25k,"3-5年,统招本科,spring,java,mysql,mybatis,redis",瞬联软件科技,计算机软件,1000-2000人,刘女士,招聘经理
合肥Java软件开发工程师,合肥,,10-15k,"3-5年,本科,Tomcat,PostgreSQL,Oracle,MySQL,容器",云南白药集团股份有限公司,制药/生物工程,沪深A股上市,陈女士,医药产品岗
高级Java研发工程师,长沙,,16-19k,"3-5年,硕士,java",威胜信息技术股份有限公司,电子/芯片/半导体,已上市,黄女士,招聘经理
中级java工程师,郑州-郑东新区,,10-20k,"3-5年,统招本科,分布式,java,数据库,redis,linux,dubbo,memcached,系统架构",天瑞集团,采掘/冶炼/矿产,10000人以上,白先生,
Java Team Lead,西安-雁塔区,,20-30k·13薪,"5-10年,本科,spring,java,sql,docker,jenkins,framework,shell",ALTRAN,通信业,10000人以上,魏女士,
高级Java开发工程师（大数据方向）,上海,,20-30k,"5-10年,大专,java,mysql,mybatis,数据库,redis,linux,sql,nosql,shell,hadoop",沪江,在线教育,D轮,罗先生,招聘
Java总监-阿拉丁科技,北京-朝阳区,,40-50k·13薪,"5-10年,统招本科,spring,java,mysql,mybatis,数据库,redis,oracle,linux,sql,dubbo",阿拉丁控股集团,基金/证券/投资,100-499人,周先生,
java开发工程师,上海-普陀区,,15-25k·14薪,"3-5年,统招本科,spring,java,mysql,mybatis,数据库,oracle,sql,dubbo",新潮传媒集团,广告/市场/会展,D轮,居先生,董事长助理
JAVA程序员 JAVA软件工程师 JAVA开发工程师,宁波-慈溪,,6-8k,"一年以下,大专,spring,java,mysql,数据库",慈溪市顺通网络技术有限公司,计算机软件,融资未公开,韩先生,
高级JAVA开发工程师,北京-海淀区,,17-30k,"3-5年,本科,hadoop,spark,mysql,java,linux,oracle,spring,javascript,html,xml",中资医疗医药应急保障平台,大数据,融资未公开,刘女士,HR
高级Java研发工程师,北京,,15-25k,"5-10年,本科,模块开发,架构设计,架构开发,JVM,Web开发,Spring,功能开发,框架开发,框架设计,Kafka",北京利和,制药/生物工程,500-999人,王女士,HRBP
java工程师,北京-朝阳区,,7-12k,"1-3年,大专,spring,java,mybatis,jquery,css,html,svn,git,前端开发,bootstrap",北京智仿科技有限公司,计算机软件,,孟女士,人事行政
java后端开发工程师,南京-江宁区,,7-10k·13薪,"1-3年,本科,spring,java,mysql,mybatis,数据库,oracle,sql,eclipse,git,项目管理",适途汽车,计算机软件,500-999人,陈女士,人力资源
高级Java工程师（后台）(TJ0006),苏州-工业园区,,15-30k,"5-10年,本科,分布式,spring,java,mysql,数据库,hibernate,hadoop,系统架构",万得,互联网/电商,其他,姚女士,高级招聘专员
高级JAVA软件工程师(TJ0003),苏州-工业园区,,15-30k,"3-5年,统招本科,分布式,spring,java,mysql,数据库,hibernate,oracle,hadoop,html5,spark",万得,互联网/电商,其他,姚女士,高级招聘专员
Java架构师(TJ0005),苏州-工业园区,,15-30k,"10年以上,统招本科,分布式,java,hadoop,html5,spark,python,c++,机器学习,自然语言处理",万得,互联网/电商,其他,姚女士,高级招聘专员
中级java开发工程师,上海-浦东新区,,13-18k,"1-3年,本科,分布式,java,mysql,数据库,oracle,linux,sql,javascript,html,nosql",雷腾软件,互联网/电商,新三板上市,王女士,人力资源主管
高级JAVA开发工程师,深圳,,30-50k,"5-10年,本科,分布式,spring,java,mysql,数据库,sql",金蝶,互联网/电商,已上市,蒋女士,HRBP
高级JAVA开发工程师,北京-海淀区,,15-20k,"经验不限,本科,SpringBoot,Spring Boot,Java,消息队列,RabbitMQ,Redis,Zookeeper,关系型数据库",新道科技股份有限公司,在线教育,新三板上市,李女士,招聘主管
Java高级开发工程师,北京-海淀区,,20-30k,"经验不限,本科,SpringBoot,Spring Boot,消息队列,Java,RabbitMQ,关系型数据库,Redis",新道科技股份有限公司,在线教育,新三板上市,李女士,招聘主管
高级Java开发工程师,上海-静安区,,20-40k·14薪,"经验不限,本科,spring,java,mysql,数据库,redis",上海弼博信息技术有限公司,互联网/电商,100-499人,奚女士,招聘主管
Java开发工程师,北京,,20-21k,"3-5年,本科,java",北京汇企智服科技有限公司,行业解决方案,融资未公开,姚女士,联合创始人
资深Java软件工程师(TJ0013),南京-建邺区,,15-20k,"5-10年,统招本科,架构设计,系统开发,J2EE,Hadoop",万得,互联网/电商,其他,姚女士,高级招聘专员
资深Java软件工程师(TJ0004),上海-浦东新区,,15-20k,"5-10年,统招本科,架构设计,系统开发,J2EE,Hadoop",万得,互联网/电商,其他,姚女士,高级招聘专员
高级java开发工程师,上海,,25-30k·13薪,"5-10年,大专,分布式,spring,java,mysql,mybatis,数据库",CDP集团,专业服务,500-999人,张女士,TA Specialist&HRBP
高级Java工程师,上海,,20-30k,"5-10年,本科,java,mysql,mybatis,redis,linux",上海航数智能科技有限公司,互联网/电商,50-99人,程女士,人事总监
高级java开发工程师,成都-武侯区,,15-20k,"5-10年,统招本科,Hibernate,JUnit,Spring,Struts,内容开发,模块开发,MVC,IT/信息化领域,Web开发,Jetty",四川弘和集团,互联网/电商,100-499人,唐先生,
资深java架构师,上海-浦东新区,,25-35k·16薪,"3-5年,本科及以上",某深圳电子技术上市公司,电子设备,已上市,付女士,猎头顾问
java高级软件工程师,上海-浦东新区,,25-26k,"5-10年,本科及以上,Java",某知名公司,生活服务,融资未公开,余女士,猎头顾问
java后台开发工程师（自研/周末双休）,深圳-南山区,,35-50k·16薪,"3-5年,统招本科,后端开发,Java,Spring Boot,Spring,Spring Cloud,MySQL,Redis,Kafka,JVM,Dubbo",某互联网公司,金融科技,,陈女士,猎头顾问
java高级开发工程师,北京-海淀区,,20-30k,"经验不限,本科及以上",某国内互联网上市公司,在线教育,已上市,张女士,猎头顾问
java开发,上海,,20-40k·15薪,"3-5年,统招本科,Java",某上海知名上市公司,门户网站,已上市,夏先生,猎头顾问
java开发,深圳,,8-12k,"1-3年,统招本科,框架设计,框架开发,Struts,商业信息化,Hibernate,VR开发,SpringMVC,Mybatis,Spring,IT/信息化领域",某北京计算机软件公司,计算机软件,融资未公开,鲁女士,猎头顾问
Java开发工程师,上海,,13-18k·14薪,"1-3年,统招本科,框架设计,框架开发,Web开发,UML",国内知名人工智能领域上市集团,互联网/电商,已上市,周先生,猎头顾问
java(后端）,北京,,15-25k·15薪,"3-5年,统招本科,架构设计,框架开发,框架设计,架构开发,Spring Boot,后端开发,Spring,大数据领域,Docker,容器",某知名产业地产,房产开发,融资未公开,唐先生,猎头顾问
Java开发工程师,杭州,,40-50k·13薪,"5-10年,本科及以上,Web开发,功能开发,模块开发,架构设计,Java",杭州鸿昆企业管理咨询有限公司,专业服务,1-49人,曾先生,猎头顾问
Java开发工程师,杭州,,40-50k·13薪,"5-10年,本科及以上,Web开发,功能开发,模块开发,架构设计,Java",杭州鸿昆企业管理咨询有限公司,专业服务,1-49人,周女士,猎头顾问
java高级工程师,深圳,,30-60k,"3-5年,统招本科,Dubbo,JVM,IT/信息化领域,Redis,Zookeeper",某top券商公司,证券,已上市,钟女士,猎头顾问
Java开发工程师（中台+自研）,深圳-南山区,,28-55k·16薪,"3-5年,本科及以上,Spring Boot,Spring,系统开发,Spring Cloud,Mybatis,Java,PostgreSQL,Kafka,Redis,RabbitMQ",某深圳互联网公司,金融科技,,张女士,猎头顾问
高级java开发（金融+互联网+自研）,深圳-南山区,,30-45k·16薪,"3-5年,本科及以上,Spring Boot,Spring,系统开发,Spring Cloud,Mybatis,Java,PostgreSQL,Kafka,Redis,RabbitMQ",某深圳互联网公司,金融科技,,张女士,猎头顾问
java,杭州,,21-25k,"1-3年,统招本科,Web开发,商业信息化,VR开发,SpringBoot,Spring Boot,Spring,框架开发,框架设计,架构设计,Visual Basic",某杭州大型贸易进出口公司,贸易/进出口,融资未公开,李先生,猎头顾问
java工程师,广州,,20-40k,"3-5年,学历不限,Java",某北京专业服务公司,创业服务,其他,韦女士,猎头顾问
java开发,上海,,25-35k·16薪,"3-5年,统招本科,框架开发,框架设计,架构设计,服务器开发,JVM,Java",某互联网金融机构,互联网金融,B轮,俞先生,猎头顾问
java后台开发工程师（To C),深圳,,35-45k·13薪,"3-5年,本科及以上,JVM,大数据领域,框架开发,框架设计,需求分析",某深圳互联网公司,金融科技,,张先生,猎头顾问
java高级工程师,上海,,20-27k·15薪,"3-5年,统招本科,模块开发,框架设计,框架开发,架构设计,服务器开发,JVM,MySQL,Java,SQL",某上海互联网上市公司,金融科技,已上市,刘先生,猎头顾问
高级Java后端开发工程师技术专家/架构师（P7+）,北京-朝阳区,,55-85k·15薪,"经验不限,统招本科,Java,Linux,MySQL,技术管理,电商领域,IT/信息化领域,商业信息化",某北京互联网上市公司,互联网/电商,已上市,郭先生,猎头顾问
java后台开发工程师,深圳-南山区,,25-50k·16薪,"经验不限,统招本科,JVM,大数据领域,框架开发,框架设计,需求分析",某知名公司,互联网/电商,,关先生,猎头顾问
Java中台软件开发工程师,深圳-南山区,,25-50k·16薪,"经验不限,统招本科,JVM,框架设计,框架开发,大数据领域,需求分析",某知名公司,互联网/电商,,关先生,猎头顾问
初级java开发/知名软件服务公司/知名公司大体量项目,上海,,8-12k,"1-3年,大专及以上,Java,后端开发,Oracle,Spring,中前后台模块开发,IT/信息化领域,保险领域,MySQL,医疗领域,模块开发",某北京计算机软件公司,计算机软件,融资未公开,陈先生,猎头顾问
Java开发工程师（中台+自研）,深圳-南山区,,28-55k·16薪,"3-5年,本科及以上,Spring Boot,Spring,系统开发,Spring Cloud,Mybatis,Java,PostgreSQL,Kafka,Redis,RabbitMQ",某深圳互联网公司,金融科技,,张女士,猎头顾问
高级java开发（金融+互联网+自研）,深圳-南山区,,30-45k·16薪,"3-5年,本科及以上,Spring Boot,Spring,系统开发,Spring Cloud,Mybatis,Java,PostgreSQL,Kafka,Redis,RabbitMQ",某深圳互联网公司,金融科技,,张女士,猎头顾问
高级java开发（金融+互联网+自研）,深圳-南山区,,30-45k·16薪,"3-5年,本科及以上,Spring Boot,Spring,系统开发,Spring Cloud,Mybatis,Java,PostgreSQL,Kafka,Redis,RabbitMQ",某深圳互联网公司,金融科技,,张女士,猎头顾问
高级java开发（金融+互联网+自研）,深圳-南山区,,30-45k·16薪,"3-5年,本科及以上,Spring Boot,Spring,系统开发,Spring Cloud,Mybatis,Java,PostgreSQL,Kafka,Redis,RabbitMQ",某深圳互联网公司,金融科技,,张女士,猎头顾问
高级java开发（金融+互联网+自研）,深圳-南山区,,30-45k·16薪,"3-5年,本科及以上,Spring Boot,Spring,系统开发,Spring Cloud,Mybatis,Java,PostgreSQL,Kafka,Redis,RabbitMQ",某深圳互联网公司,金融科技,,张女士,猎头顾问
高级java开发（金融+互联网+自研）,深圳-南山区,,30-45k·16薪,"3-5年,本科及以上,Spring Boot,Spring,系统开发,Spring Cloud,Mybatis,Java,PostgreSQL,Kafka,Redis,RabbitMQ",某深圳互联网公司,金融科技,,张女士,猎头顾问
高级java开发（金融+互联网+自研）,深圳-南山区,,30-45k·16薪,"3-5年,本科及以上,Spring Boot,Spring,系统开发,Spring Cloud,Mybatis,Java,PostgreSQL,Kafka,Redis,RabbitMQ",某深圳互联网公司,金融科技,,张女士,猎头顾问
后端研发专家（Java）,上海-浦东新区,,27-35k·15薪,"5-10年,统招本科,计算机相关专业,APP开发经验",某上海互联网上市公司,金融科技,已上市,宋女士,猎头顾问
Java开发工程师,上海-浦东新区,,25-40k·15薪,"3-5年,统招本科,电商或者是物流经验,互联网金融公司背景",某上海互联网上市公司,金融科技,已上市,宋女士,猎头顾问
java开发,上海,,20-40k·20薪,"3-5年,统招本科,功能开发,模块开发,后端开发,Java,关系型数据库,Python",某国内基金证券上市公司,证券,已上市,徐女士,猎头顾问
java开发工程师,珠海,,13-18k,"经验不限,统招本科,Spring Boot,SpringMVC,Spring,Spring Cloud,Mybatis,Java,Hibernate,Kafka,Redis",某计算机软件公司,计算机软件,战略融资,曹女士,猎头顾问
Java架构师/平台总监,杭州-余杭区,,40-60k,"经验不限,本科及以上,架构设计,Spring,Dubbo,Spring Cloud,Java",国内知名互联网公司,人工智能,C轮,沈女士,猎头顾问
java开发专家,上海-浦东新区,,25-45k·15薪,"3-5年,统招本科,较好的金融背景,电商或者是物流",某上海大型交通物流运输公司,交通/物流/运输,融资未公开,宋女士,猎头顾问
高级java工程师,深圳-福田区,,25-35k·13薪,"5-10年,大专及以上,微服务,Spring Boot,Spring Cloud,k8s生态,MySQL/Oracle数据库,Redis,MemcacheQ,RabbitMQ",深圳某科技有限公司,计算机软件,天使轮,郭先生,猎头顾问
JAVA开发,北京,,30-50k·14薪,"3-5年,统招本科,系统开发,框架开发,框架设计,Web开发,Spring,Shell,Java",某北京大型互联网公司,人工智能,融资未公开,张先生,猎头顾问
java,成都,,20-40k·14薪,"5-10年,统招本科,服务器开发,MVC,框架开发,框架设计,Web开发,建模语言,Oracle,SQL Server,DB2,MySQL",某深圳保险上市公司,保险,已上市,吴先生,猎头顾问
java高级工程师,成都,,20-40k,"3-5年,统招本科,架构设计,功能开发,模块开发,JVM,框架开发,框架设计,Java",某知名电商平台,电子商务,已上市,王先生,猎头顾问
java,广州,,6-10k,"1-3年,学历不限,框架设计,框架开发,需求分析,Web开发,架构设计,Oracle,Redis,Java,Maven",某北京互联网上市公司,大数据,已上市,李女士,猎头顾问
java,广州-天河区,,7-10k,"1-3年,学历不限,需求分析,框架设计,框架开发,架构设计,Web开发,Redis,Java,Oracle,Maven",某北京互联网上市公司,大数据,已上市,简女士,猎头顾问
Java开发工程师,北京,,15-30k,"经验不限,学历不限,框架设计,框架开发,Vue,模块开发,jQuery,JVM,前端开发,大数据领域,搜索引擎,Java",某国企上市集团,电子设备,已上市,侯女士,猎头顾问
高级java开发工程师,杭州-滨江区,,30-60k·15薪,"3-5年,本科及以上,JVM,模块开发,Hibernate,Spark,Mybatis,Spring,功能开发,框架开发,框架设计,架构设计",某互联网公司,电子商务,A轮,陈女士,猎头顾问
高级java工程师,上海-嘉定区,,30-50k,"5-10年,统招本科,必须具备团队管理经验，10+人团",某北京知名互联网公司,人工智能,B轮,宋女士,猎头顾问
java后端开发,南京-雨花台区,,15-20k,"3-5年,本科及以上,通信领域,后端开发,云计算领域,框架开发,框架设计,Objective-C,Docker,Kubernetes,C/C++,C语言",全球排名前三灵活用工人力资源外包服务集团,专业服务,融资未公开,郑先生,猎头顾问
java,上海,,20-30k·15薪,"3-5年,统招本科,Java,Spring,SpringMVC,Mybatis,MySQL,Oracle,Dubbo,Spring Cloud",某大型互联网公司,互联网+,B轮,刘先生,猎头顾问
Java,上海,,20-40k·16薪,"3-5年,统招本科,框架开发,框架设计,架构设计,服务器开发,JVM,Java",某上海大型互联网公司,互联网+,B轮,程女士,猎头顾问
java中台/后台开发工程师（互联网/j金融）,深圳-南山区,,25-50k·16薪,"3-5年,统招本科,Spring,Mybatis,PostgreSQL,Kafka,Redis,RabbitMQ,Java,MySQL,金融领域,系统开发",某互联网公司,金融科技,,卢女士,猎头顾问
java架构师,北京,,35-45k·14薪,"5-10年,本科及以上,技术支持,架构设计,系统设计,JVM,Java",国内知名保险公司,计算机软件,不需要融资,宋先生,猎头顾问
高级JAVA工程师 90M0099588,北京-朝阳区,,20-30k·16薪,"3-5年,统招本科,框架开发,框架设计,JVM,R语言",某深圳互联网公司,金融科技,,李女士,猎头顾问
Java开发工程师,杭州,,25-40k·14薪,"3-5年,统招本科,JVM,模块开发,Hibernate,Spark,Mybatis,Spring,功能开发,框架设计,框架开发,架构设计",某杭州互联网公司,互联网/电商,融资未公开,刘先生,猎头顾问
Java总架构,北京,,45-75k,"5-10年,本科及以上,Java,Java架构,Hadoop,腾讯云,阿里云,aws,azure,Spring,Kafka,Socket",某高精度定位,导航定位,战略融资,胡女士,猎头顾问
Java研发专家,上海,,30-55k,"5-10年,统招本科,Java服务端开发",某上海大型保险公司,保险,战略融资,张先生,猎头顾问
高级java工程师,上海-嘉定区,,35-60k,"5-10年,统招本科,Hibernate,Vue,Dubbo,架构开发,SpringBoot,Spring,系统开发,前端开发,Vue.js,Mybatis",某北京知名互联网公司,人工智能,B轮,宋女士,猎头顾问
高级java开发工程师,武汉-洪山区,,20-30k·16薪,"3-5年,硕士及以上,SpringBoot,Spring Boot,Mybatis,Netty,JVM,架构设计,系统开发,SpringCloud,MySQL,Redis",国内某银行系金融科技公司,金融科技,战略融资,杨先生,猎头顾问
软件项目经理（java）,大连,,16-20k·13薪,"5-10年,本科及以上,架构设计,MySQL,SQL,Shell,Python",大连某软件科技有限公司,计算机软件,融资未公开,李女士,猎头顾问
资深java开发工程师,杭州-滨江区,,25-30k·15薪,"3-5年,统招本科,JVM,功能开发,模块开发,框架开发,框架设计,架构设计,Java",互联网专车出行平台,互联网/电商,B轮,沈先生,猎头顾问
java开发,上海-闵行区,,20-30k·15薪,"3-5年,统招本科,SpringCloud,SpringBoot,Spring Boot,Spring,IT/信息化领域,架构设计,SQL,UML,Java",某头部OA行业主板上市公司,互联网/电商,已上市,于女士,猎头顾问
高级Java开发工程师（保险行业Java开发),上海,,26-45k,"5-10年,统招本科,Java",某保险公司,计算机软件,战略融资,王女士,猎头顾问
java高级工程师,武汉,,15-25k·16薪,"3-5年,统招本科,java,saas",某知名上市企业,互联网/电商,融资未公开,刘女士,猎头顾问
java,杭州,,25-50k·18薪,"经验不限,统招本科,高并发",全球头部区块链科技集团,互联网/电商,D轮及以上,宋先生,猎头顾问
高级java工程师,上海,,20-35k·15薪,"5-10年,本科及以上,功能开发,模块开发,需求分析,架构设计,RabbitMQ,Nginx,Redis,MySQL,Java",某软件科技公司,计算机软件,50-99人,马先生,猎头顾问
高级java工程师,北京,,20-40k·14薪,"3-5年,本科及以上,模块开发,JVM,需求分析,架构设计,框架开发,框架设计,服务器开发,UML,Java,JDK",某大型集团,道路运输,1-49人,王女士,猎头顾问
Java架构师,西安,,20-30k·15薪,"5-10年,统招本科,java,spring,dubbo",某外资电商网络科技公司,电子商务,D轮及以上,王女士,猎头顾问
国际检测集团招资深Java/Tech Lead,上海-闵行区,,25-35k·14薪,"5-10年,统招本科,java,后端开发,全栈开发,前端开发,Spring Boot,Spring Cloud,Docker,agile,SQL",某上海大型检测认证公司,检测/认证,融资未公开,杨女士,猎头顾问
java软件开发,深圳-南山区,,12-16k,"1-3年,本科,Web开发,Vue,SpringMVC,MiniUI,前端开发,后端开发,系统开发,Java,C语言,Dataflow",华创国潮(广东)数字文创生态产业集团有限公司,计算机软件,50-99人,揭先生,人事总监
后端java开发工程师,北京-石景山区,,12-24k·14薪,"3-5年,统招本科",中设数字技术股份有限公司,互联网/电商,融资未公开,雷先生,所长
java 开发高级工程师,北京-海淀区,,18-30k·13薪,"3-5年,统招本科,后端开发,Java,Spring Boot,Spring Cloud,Mybatis,Redis,Kafka,IT/信息化领域",中科极限元(杭州)智能科技股份有限公司北京分公司,智能硬件,融资未公开,宋先生,技术
java工程师,西安-高新区,,7-12k,"1-3年,本科",上海真兰仪表科技股份有限公司,仪器/电气/自动化,500-999人,董女士,人事专员
java中级开发工程师,成都-高新区,,20-40k·13薪,"经验不限,统招本科,Java,后端开发,Spring Boot,Spring Cloud,MySQL,Redis,RabbitMQ,银行领域",民生科技有限责任公司,IT服务,5000-10000人,文先生,项目经理
java技术经理,广州-天河区,,20-40k,"5-10年,本科",中金育能科技集团有限公司,IT服务,融资未公开,刘女士,人力
Java开发工程师（app后端开发）,上海,,15-35k·15薪,"5-10年,本科",喜马拉雅,社交网络,其他,郑女士,
java中级工程师,深圳-南山区,,15-23k,"3-5年,统招本科,SpringCloud,Java,后端开发",深圳爱力智云科技有限公司,机械/机电/重工,天使轮,余先生,技术总监
java,北京-海淀区,,13-18k,"1-3年,本科",北京宇信科技集团股份有限公司,IT服务,创业板上市,许女士,
java开发工程师,上海-浦东新区,,12-16k,"1-3年,统招本科",金证财富南京科技有限公司,计算机软件,战略投资,彭女士,HR
java开发工程师,杭州-萧山区,,10-15k,"1-3年,统招本科",金证财富南京科技有限公司,计算机软件,战略投资,彭女士,HR
java高级工程师,北京-东城区,,40-70k,"5-10年,统招本科",民生科技有限责任公司,IT服务,5000-10000人,蒋先生,
高级java工程师,西安-雁塔区,,15-25k,"经验不限,本科,后端开发,架构设计,银行领域",民生科技有限责任公司,IT服务,5000-10000人,安先生,招聘经理
java工程师,杭州-余杭区,,10-15k,"1-3年,大专,SpringBoot,Spring,后端开发,Java,IT/信息化领域,大数据领域,云计算领域",艾卡资产,汽车金融,500-999人,俞女士,人事专员
JAVA开发工程师,上海-长宁区,,15-25k,"经验不限,大专",上海商琦科技有限公司,计算机软件,1-49人,胡女士,行政人事专员
java开发,杭州-余杭区,,11-16k·13薪,"3-5年,统招本科",浙江微萌医院管理有限公司,专业服务,1-49人,杨女士,HRBP
java工程师,杭州-余杭区,,20-30k·13薪,"3-5年,本科",浙江微萌医院管理有限公司,专业服务,1-49人,杨女士,HRBP
java工程师,合肥-经开区,,10-15k,"3-5年,本科,Web开发,app开发,数据库",驰勤信息,互联网/电商,100-499人,刘女士,
java工程师,福州,,6-9k·13薪,"1-3年,本科",福建易联众医疗信息系统有限公司,计算机软件,融资未公开,张女士,HR
java高级工程师,北京-通州区,,20-30k·14薪,"5-10年,统招本科,Java,Spring Boot,架构设计,Spring Cloud,Docker,MySQL,容器",联东集团,房产开发,2000-5000人,崔先生,招聘经理
高级java开发工程师（线上面试+数字人民币项目）,南宁-江南区,,15-23k,"3-5年,本科,Vue,SpringBoot,CSS,HTML,Spring Boot,银行领域,IT/信息化领域",京北方信息,IT服务,已上市,陈女士,招聘专员
Java开发工程师,广州-番禺区,,10-15k,"1-3年,大专",小马智印,计算机软件,500-999人,黄女士,
java工程师,北京-海淀区,,15-20k,"1-3年,统招本科,Mybatis,JVM,框架设计,框架开发,Redis,RabbitMQ,MongoDB,Docker,MySQL",芯际科技,网络安全,天使轮,赵女士,hr
Java运维开发,西安-高新区,,15-26k,"3-5年,大专,Java,Redis,SpringBoot,后端开发,IT/信息化领域,DevOps,APM报表,MQ,中间件运维,Docker",深圳千域时代科技有限公司,互联网/电商,50-99人,李女士,招聘经理
Java开发工程师,成都-高新区,,10-15k·13薪,"3-5年,统招本科,网络开发,通信领域,框架设计,框架开发,需求分析,非关系型数据库,消息队列,Maven,GIT",蜂鸟创新(北京)科技有限公司,计算机软件,融资未公开,张女士,HR
Java后端开发工程师,上海,,15-20k·14薪,"3-5年,本科,SpringBoot,Spring Boot,SpringCloud,系统开发,JVM,通信领域,消息队列,SQL",正大,房地产/建筑,100-499人,鲁女士,HRBP
高级Java研发工程师,成都-高新区,,20-30k,"5-10年,本科,Spring Boot,Java,IT/信息化领域,人工智能领域,大数据领域,云计算领域",中电智元数据科技有限公司,计算机/网络设备,50-99人,秦女士,人力专员
Java运维工程师,杭州-上城区,,7-10k·14薪,"3-5年,统招本科,运维开发,Oracle,SQL Server,SQL",国药控股浙江有限公司,医疗/保健/美容,500-999人,黄先生,
Java开发工程师 (MJ000426),深圳-南山区,,14-28k·14薪,"经验不限,统招本科,JVM,框架开发,框架设计,Java,非关系型数据库",深圳市新国都股份有限公司,智能硬件,已上市,刘女士,HRBP
java中/高级开发工程师,北京-海淀区,,20-40k·14薪,"5-10年,本科,架构设计,系统开发,容器,TIDB,MySQL,PostgreSQL,Java,Objective-C,Shell,C/C++",六分科技,导航定位,B轮,韩女士,人力资源伙伴(HRBP)
Java开发工程师,南京-雨花台区,,7-14k·14薪,"1-3年,本科,Java,数据库开发,后端开发",南京奥途信息技术有限公司,计算机软件,融资未公开,季女士,人事专员
Java开发工程师(J11010),武汉-江夏区,,15-25k·13薪,"3-5年,统招本科,系统开发,工业互联网,后端开发,MINA,Netty,网络开发,Java,分布式数据库,关系型数据库",四方北京,沪深A股上市,2000-5000人,苏先生,HR
高级java工程师（上海）,上海-普陀区,,15-30k,"3-5年,统招本科,Web开发,Shell,Hadoop,Elasticsearch,消息队列,MySQL,Java,Oracle,SQL",威讯柏睿数据科技(北京)有限公司,计算机软件,B轮,王先生,
高级java工程师（北京）,北京-朝阳区,,15-30k,"5-10年,统招本科,Web开发,Shell,Elasticsearch,消息队列,Hadoop,Oracle,MySQL,Java,SQL",威讯柏睿数据科技(北京)有限公司,计算机软件,B轮,王先生,
高级java工程师（西安）,西安-经开区,,15-30k,"5-10年,统招本科,Web开发,Shell,Java,消息队列,Hadoop,Elasticsearch,Oracle,MySQL,SQL",威讯柏睿数据科技(北京)有限公司,计算机软件,B轮,王先生,
java高级工程师,日照-东港区,,10-15k,"3-5年,本科,Web开发,Struts,商业信息化,Hibernate,VR开发,框架开发,框架设计,Spring,架构设计,R语言",山东黄海智能装备有限公司,电子设备,其他,丁女士,人事
JAVA开发—运营IPMT,杭州-滨江区,,18-35k,"3-5年,统招本科,JVM,框架开发,框架设计,J2EE,Java",恒生电子,计算机软件,沪深A股上市,李先生,
java高级工程师,郑州-高新区,,10-15k,"3-5年,本科,框架开发,框架设计,系统开发,电商领域,架构设计,SQL,Oracle,MySQL,SQL Server",中储恒科物联网系统有限公司,机械/机电/重工,融资未公开,赵女士,人资经理
Java工程师(MJ001390),桂林-七星区,,10-15k,"3-5年,本科,框架开发,框架设计,大数据领域",上海移远通信技术股份有限公司,通信业,沪深A股上市,朱先生,
高级java工程师 【产险研发部】,广州-黄埔区,,10-15k·13薪,"5-10年,本科,SpringBoot,Spring MVC,Hibernate,Java,MySQL,Oracle,金融领域,jQuery,系统开发",恒生保泰(广东)科技有限公司,计算机软件,融资未公开,李女士,人事经理
中级java开发工程师,上海-浦东新区,,15-25k·13薪,"3-5年,统招本科,Java,后端开发,Linux,MySQL,搜索引擎,大数据领域,人工智能领域",北京中科闻歌科技股份有限公司,大数据,D轮,赵女士,
Java高级开发工程师,上海-徐汇区,,25-35k,"5-10年,统招本科,模块开发,Mybatis,SpringBoot,Spring,Spring Boot,Spring Cloud,IOS框架,框架开发,框架设计,系统开发",极服项上,企业服务软件,50-99人,刘先生,人事经理
java后端工程师,青岛,,8-15k,"3-5年,大专,框架开发,框架设计,架构开发,架构设计,Spring,模块开发,SpringMVC,SpringBoot,Spring Boot,Mybatis",山东华方智联科技股份有限公司,互联网/电商,其他,王女士,HR
java软件开发,青岛,,8-15k,"3-5年,本科,框架设计,框架开发,架构开发,架构设计,Spring,模块开发,SpringMVC,SpringBoot,Spring Boot,Mybatis",山东华方智联科技股份有限公司,互联网/电商,其他,王女士,HR
后端java开发工程师,北京-海淀区,,20-30k,"5-10年,统招本科,SpringBoot,Spring Boot,Netty,PBR开发,架构设计,服务器开发,JVM,前端开发,Docker,Redis",北京吉大正元信息技术有限公司,计算机软件,沪深A股上市,孙女士,招聘经理
Java工程师(后端),杭州-滨江区,,25-35k,"3-5年,本科,Java,架构设计,Web开发",杭州原与宙科技有限公司,互联网/电商,A轮,李女士,招聘
Java开发工程师（数源科技）,杭州,,9-13k,"1-3年,本科,Spring,IOS框架,服务器开发,SpringBoot,Spring Boot,框架开发,框架设计,SpringMVC,SpringCloud,Web开发",西湖电子集团有限公司,电子/芯片/半导体,2000-5000人,赖先生,新媒体运营
java高级工程师,深圳-龙华区,,18-30k·14薪,"5-10年,本科,大数据领域,JVM,引擎开发,Redis,Kafka,RabbitMQ,Apache,Zookeeper,Nginx,Elasticsearch",深圳市英维克科技股份有限公司,通信业,沪深A股上市,刘女士,人事行政主管
Java开发工程师,广州-南沙区,,8-20k,"3-5年,本科,前端开发,Web开发,消息队列,SQL,Web Service",三雄极光照明,电子/芯片/半导体,沪深A股上市,虞先生,培训经理
JAVA Development Engineer,深圳-福田区,,18-25k,"3-5年,本科,JVM,SystemVerilog,Cache",海通国际(上海)股权投资基金管理有限公司,基金/证券/投资,融资未公开,何女士,
软件开发工程师（JAVA方向）,上海-长宁区,,12-18k,"1-3年,大专,框架开发,框架设计,架构设计,J2EE,Oracle",上海音智达信息技术有限公司,IT服务,100-499人,付女士,猎头顾问
中高级Java开发工程师-QM,北京-海淀区,,20-30k,"5-10年,统招本科,JVM,Netty,PBR开发,架构设计,前端开发,SpringBoot,Spring Boot,服务器开发,Docker,SQL Server",北京吉大正元信息技术有限公司,计算机软件,沪深A股上市,孙女士,招聘经理
Java开发工程师（高级）,北京-朝阳区,,18-21k·14薪,"5-10年,统招本科,框架开发,框架设计,前端开发,架构设计,Web开发",东方口岸,互联网/电商,100-499人,白先生,招聘主管
java工程师,上海,,13-25k·16薪,"1-3年,统招本科,金融领域,Java,Spring,Hibernate,Struts,Mybatis",兴业数金,互联网金融,500-999人,何先生,软件工程师
java工程师,成都-高新区,,13-25k·16薪,"1-3年,统招本科,金融领域,Java,Spring,Hibernate,Struts,Mybatis",兴业数金,互联网金融,500-999人,何先生,软件工程师
Java架构师,北京-石景山区,,25-50k·14薪,"3-5年,统招本科,技术支持,技术战略,JVM,Angular,架构设计,Bootstrap,React,Vue,SQL,Java",北京赛昇科技有限公司,专业服务,50-99人,罗女士,
中级java开发工程师（南航项目）,广州-白云区,,10-15k,"3-5年,大专,Shiro,Dubbo,后端开发,IOS框架,模块开发,JVM,功能开发,架构设计,J2EE",新炬网络,计算机软件,沪深A股上市,张女士,
高级java工程师,北京-朝阳区,,20-35k,"5-10年,本科,Dubbo,Spring,Mybatis,Golang,Java,Kafka,Redis,架构设计,框架开发,云平台",云驰未来,网络安全,A轮,谢女士,人事经理
java开发,广州-天河区,,10-18k,"3-5年,统招本科,保险领域,商业信息化,Mybatis,系统开发,SQL,SQL Server,Unix",上海华钦信息科技股份有限公司,计算机软件,1000-2000人,张先生,创业
java,广州-越秀区,,10-18k,"3-5年,统招本科,系统开发,SQL Server,SQL,Unix,Linux",上海华钦信息科技股份有限公司,计算机软件,1000-2000人,张先生,创业
java高级工程师,西安-碑林区,,15-20k,"5-10年,本科,Java,MySQL,Oracle,系统开发,架构设计",惠宾科技,互联网/电商,融资未公开,豆女士,招聘经理
java开发工程师,上海,,15-20k,"3-5年,本科,SpringCloud,Spring,Spring Boot,SpringBoot,Vue,模块开发,IT/信息化领域,IOS框架,框架设计,框架开发",国工智能,人工智能,100-499人,林先生,董事、董秘、总助
后端java开发工程师,北京-朝阳区,,15-30k,"3-5年,本科,Spring,云计算领域,Mybatis,Java,Kafka,Redis,Python,全栈开发,汽车领域,Dubbo",云驰未来,网络安全,A轮,谢女士,人事经理
java工程师,武汉-江夏区,,11-20k,"3-5年,统招本科,Spring,Java,后端开发,Spring MVC,Spring Cloud,Spring Boot",深开鸿,物联网,融资未公开,钱先生,招聘负责人
Java开发工程师,南昌-红谷滩区,,6-10k,"经验不限,本科,后端开发,IT/信息化领域,医疗领域",北京维思陆科技有限公司,IT服务,融资未公开,司女士,人事
资深java架构师,北京-朝阳区,,25-40k·13薪,"5-10年,统招本科,云计算领域,网络开发,Spring,运维管理,Mybatis,JVM,Objective-C,C/C++,C语言,Java",云驰未来,网络安全,A轮,谢女士,人事经理
JAVA软件工程师（校招）,苏州-相城区,,8-15k·14薪,"一年以下,本科,框架开发,框架设计,后端开发,全栈开发,前端开发,SQL",清华大学苏州汽车研究院(相城),汽车/摩托车,50-99人,王女士,人事经理
高级java开发工程师,成都-高新区,,20-40k,"5-10年,统招本科,Java,后端开发,金融领域",成都质数斯达克科技有限公司,企业服务软件,50-99人,刘先生,招聘经理
Java开发工程师 (MJ000044),上海-嘉定区,,6-12k,"1-3年,本科,Web开发,移动开发",上海新微技术研发中心有限公司,物联网,B轮,丁女士,人事主管
java工程师,广州-黄埔区,,4-8k,"经验不限,本科,应届毕业生",广州四三九九游戏,游戏开发,融资未公开,邱先生,产品运营
java开发工程师（临安）(001519),杭州-临安区,,8-14k·15薪,"1-3年,统招本科,Spring,SpringBoot,Spring Boot,Mybatis,架构设计,SpringCloud,IOS框架,MVC,功能开发,模块开发",浙江众合科技股份有限公司,计算机/网络设备,已上市,余女士,招聘主管
java工程师,深圳-南山区,,12-18k,"3-5年,统招本科,Hibernate,Struts,Spring,系统开发,Mybatis,Java,MySQL,J2EE,Oracle",成都佳伊聘科技有限公司,计算机软件,1-49人,王女士,HR
JAVA后端开发工程师,上海,,20-40k,"3-5年,本科,IT/信息化领域,框架设计,框架开发,架构设计,需求分析,服务器开发,网络开发,Docker",上海电气集团企业服务有限公司,专业服务,100-499人,钟先生,招聘经理
JAVA后端开发工程师,上海,,15-30k,"3-5年,本科,Java",上海电气集团股份有限公司中央研究院,机械/机电/重工,100-499人,林先生,招聘经理
Java,上海-徐汇区,,30-40k·15薪,"5-10年,本科,Spring,模块开发,框架设计,框架开发,后端开发,Spring Cloud,JVM,大数据领域,Java,Redis",公牛集团,家具/家电,沪深A股上市,左女士,招聘经理
java高级开发工程师,北京-朝阳区,,15-30k·14薪,"5-10年,本科,框架开发,框架设计,架构设计,Web开发,前端开发",东方口岸,互联网/电商,100-499人,白先生,招聘主管
java中级开发工程师,北京-朝阳区,,10-15k·14薪,"3-5年,本科,框架开发,框架设计,Web开发,前端开发,架构设计",东方口岸,互联网/电商,100-499人,白先生,招聘主管
Java高级开发工程师,福州-鼓楼区,,15-25k·13薪,"5-10年,统招本科,Spring MVC,SpringCloud,Spring Boot,系统开发,Spring,Java,IT/信息化领域,Oracle,MySQL",北京思诺博信息技术有限公司,ERP,融资未公开,姚女士,人事经理
Java高级开发工程师,南京-鼓楼区,,15-25k·13薪,"5-10年,统招本科,Spring MVC,SpringCloud,Spring Boot,系统开发,Spring,Java,IT/信息化领域,Oracle,MySQL",北京思诺博信息技术有限公司,ERP,融资未公开,姚女士,人事经理
Java高级开发工程师,成都-武侯区,,15-25k·13薪,"5-10年,统招本科,Spring MVC,SpringCloud,Spring Boot,系统开发,Spring,Java,IT/信息化领域,Oracle,MySQL",北京思诺博信息技术有限公司,ERP,融资未公开,姚女士,人事经理
Java高级工程师（互联网医疗平台）,广州-海珠区,,20-30k,"3-5年,大专,医疗领域,架构设计,框架设计,框架开发,RocketMQ,Web开发,RabbitMQ,Elasticsearch,Docker,消息队列",广东顺信服科技有限责任公司,医疗/保健/美容,融资未公开,李女士,人事经理
Java高级工程师（医疗业务）,广州-海珠区,,18-25k,"3-5年,大专,架构设计,医疗领域,框架开发,框架设计,RocketMQ,系统开发,Web开发,MongoDB,ClickHouse,RabbitMQ",广东顺信服科技有限责任公司,医疗/保健/美容,融资未公开,李女士,人事经理
JAVA开发工程师,深圳,,11-16k·14薪,"3-5年,大专,Spring,Dubbo,Java",佳思德科技(深圳)有限公司,仪器仪表,100-499人,吴女士,
java软件开发,重庆-渝北区,,10-15k·13薪,"1-3年,统招本科,Mybatis,框架开发,框架设计,Redis,MySQL,消息队列,Oracle,Java,容器,Linux",紫光软件系统有限公司重庆分公司,计算机软件,50-99人,左女士,HR
java研发工程师,厦门-思明区,,12-20k,"3-5年,本科,Java,后端开发,银行领域,IT/信息化领域,金融领域",天阳宏业,计算机软件,创业板上市,王女士,hr
资深java架构师,宁波-鄞州区,,20-30k·14薪,"5-10年,本科,架构设计,系统设计,技术支持,Java",网优达,专业服务,B轮,方女士,HR
高级java工程师,北京-海淀区,,30-60k·15薪,"3-5年,统招本科,架构设计,非关系型数据库,Java",深圳虾皮信息科技有限公司,互联网/电商,5000-10000人,及女士,Senior Recruiter
Java开发工程师,北京-海淀区,,20-40k·15薪,"1-3年,统招本科,架构设计,非关系型数据库,Java",深圳虾皮信息科技有限公司,互联网/电商,5000-10000人,及女士,Senior Recruiter
Java后端工程师(JU6UV),南京-江宁区,,15-30k,"3-5年,统招本科,物联网,Netty",中科创达软件股份有限公司,计算机/网络设备,沪深A股上市,彭女士,HR
java后台开发,深圳-光明区,,15-28k,"5-10年,本科,框架开发,框架设计,JVM,MySQL,Java",深圳鸿创欣信息技术有限公司,计算机软件,1-49人,郭先生,研发经理
java技术经理,广州-黄埔区,,20-26k·16薪,"5-10年,统招本科,架构设计,JVM,系统设计,后端开发,Java",TCL金融,信托/担保/拍卖,100-499人,李先生,招聘经理
java全栈开发工程师,广州-番禺区,,12-15k·13薪,"3-5年,本科,Java,SpringMVC,Web开发,Hibernate,Bootstrap,全栈开发,Javascript,CSS,MySQL,IT/信息化领域",晶新软件,计算机软件,融资未公开,潘先生,技术/研发经理
java中级开发工程师（西安）,西安-高新区,,10-15k·13薪,"3-5年,本科,模块开发,框架开发,框架设计,Scala,脚本语言,J2EE,LabVIEW,MySQL,Golang,Oracle",广州金越软件技术有限公司,计算机软件,融资未公开,林女士,人事
JAVA开发工程师,广州-番禺区,,7-14k·14薪,"1-3年,本科,jQuery,D语言,SQL",广州鹏辉能源科技股份有限公司,新能源,已上市,丁先生,招聘主管
Java架构师,深圳-宝安区,,25-35k·14薪,"5-10年,统招本科,架构设计,Spring Cloud,系统设计,JVM,Spring,Java",深圳市富兰瓦时技术有限公司,新能源,100-499人,高女士,人事
计费系统工程师(Java方向）,深圳-龙岗区,,10-20k,"3-5年,本科,Mybatis,架构设计,框架开发,框架设计,Java",思达仪表,电子/芯片/半导体,500-999人,郑女士,
Java高级开发工程师,上海,,面议,"5-10年,本科,后端开发,全栈开发,前端开发,架构设计,人工智能领域,MySQL,Oracle",复地,房地产/建筑,2000-5000人,谢先生,高级招聘经理
后端java开发工程师,沈阳-浑南区,,10-15k,"3-5年,大专,Mybatis,Spring,SpringMVC,SpringCloud,SpringBoot,Spring Boot,框架开发,框架设计,通信领域,架构设计",海润股份,检测/认证,其他,张先生,
后端java开发工程师,天津-滨海新区,,12-15k,"5-10年,大专,SpringCloud,SpringBoot,模块开发,移动开发,需求分析,Javascript,IT/信息化领域",海润股份,检测/认证,其他,张先生,
java程序员,武汉-武昌区,,7-10k·16薪,"1-3年,大专,功能开发,Java,后端开发,系统开发,商业信息化",武汉中商集团有限公司,融资未公开,5000-10000人,李女士,招聘专员
java工程师,上海-静安区,,15-20k,"经验不限,统招本科,Web开发,Spring,Struts,商业信息化,Hibernate,VR开发,框架开发,框架设计,架构设计,R语言",上海颖派汽车科技有限公司,汽车/摩托车,1-49人,吴先生,
高级java开发工程师,深圳-南山区,,25-30k,"5-10年,大专,模块开发,功能开发,架构设计,RocketMQ,Mybatis,Spring,SpringBoot,Spring Boot,系统开发,网络开发",东博科技,互联网/电商,天使轮,黄女士,HR
java工程师（高级）,厦门-集美区,,10-20k·13薪,"5-10年,本科,VR开发,模块开发,Hibernate,IT/信息化领域,SpringMVC,架构设计,框架开发,框架设计,R语言,XML",蓝凌软件,计算机软件,2000-5000人,肖女士,HRBP
java开发/运维开发/中间件开发-DevOps,重庆-南岸区,,12-25k,"3-5年,大专,Java,Elasticsearch,Linux,后端开发,UUC,DevOps,SpringBoot,ELK",深圳千域时代科技有限公司,互联网/电商,50-99人,李女士,招聘经理
Java开发工程师(武汉),武汉-汉阳区,,15-25k,"3-5年,大专,架构设计,RocketMQ,架构开发,VR开发,RabbitMQ,分布式数据库,R语言,UML",珠海派诺科技股份有限公司,能源/水利,已上市,涂女士,hr
java高级工程师,长沙-岳麓区,,16-24k·13薪,"10年以上,统招本科,架构设计,人工智能领域,通信领域,Spring Cloud,系统开发,全栈开发,移动开发,音视频开发",湖南智领通信科技有限公司,通信业,融资未公开,陈女士,人事
Java工程师,深圳-福田区,,8-15k,"3-5年,本科,架构设计,JVM,功能开发,模块开发,框架开发,框架设计,消息队列,Oracle,MySQL",深圳市世鹏资产评估房地产土地估价顾问有限公司,房地产服务,100-499人,刘先生,人力执行总监
JAVA开发工程师(中高级),珠海,,15-25k,"3-5年,大专,架构设计,RocketMQ,VR开发,架构开发,RabbitMQ,分布式数据库,UML,R语言",珠海派诺科技股份有限公司,能源/水利,已上市,涂女士,hr
java开发,成都-高新区,,15-20k,"3-5年,统招本科,模块开发,框架开发,框架设计,架构设计,Redis,MySQL,PostgreSQL,MongoDB",北京瑞友科技股份有限公司,计算机软件,其他,李女士,招聘
java开发,上海-闵行区,,20-40k·14薪,"1-3年,本科,模块开发,Oracle,MySQL",江西小马机器人有限公司,批发零售,A轮,欧女士,人事主管
java工程师,深圳,,10-15k·14薪,"1-3年,大专,需求分析,MySQL,Java,全栈开发,前端开发,后端开发",佳思德科技(深圳)有限公司,仪器仪表,100-499人,肖先生,HR
JAVA开发工程师（BOM领域）,广州-花都区,,12-20k,"3-5年,本科,模块开发,SpringMVC,功能开发,需求分析,SQL,J2SE,关系型数据库",联友科技,计算机软件,1000-2000人,王女士,人才运营科科长
JAVA技术经理,武汉-武昌区,,15-20k,"5-10年,统招本科,架构设计,架构开发,J2EE,SQL",奥哲网络,互联网/电商,C轮,黄先生,高级招聘
Java开发工程师(J10452),上海-闵行区,,15-25k,"3-5年,本科,Java",上海凯士比泵有限公司,机械/机电/重工,500-999人,徐女士,高级招聘专员
Java开发工程师(XJ002399),北京,,20-30k·13薪,"5-10年,统招本科,Java",北京牛电科技有限责任公司,智能硬件,美股上市,贾女士,人力资源主管/招聘主管
java开发工程师,苏州-工业园区,,10-15k,"1-3年,统招本科,Web Service,网页开发",苏州伊欧陆系统集成有限公司,电子/芯片/半导体,50-99人,刘女士,人事
Java工程师,北京-海淀区,,20-30k,"3-5年,本科,模块开发,MySQL,Oracle,SQL,UML,GIT",北京大数据先进技术研究院,大数据,融资未公开,张女士,人力资源
Java开发工程师,深圳-南山区,,20-35k,"3-5年,本科,模块开发,功能开发,框架设计,框架开发,JVM,Java,消息队列",矩阵元,互联网/电商,A轮,戴女士,人事总监
Java开发实习生,杭州-余杭区,,3k,"经验不限,本科,Web开发,功能开发,模块开发,需求分析,MySQL,SQL",杭州思普盟网络科技有限公司,计算机软件,B轮,许女士,
java工程师,广州,,8-15k·13薪,"3-5年,本科,Hibernate,HTML,Nginx,Tomcat,SQL",中兴新支点,计算机软件,100-499人,李女士,HR
Lead Software Engineer (Java),深圳-南山区,,面议,"5-10年,学历不限,CI,Java,SQL,.NET,ActionScript,SQL Server,Linux",亿磐,计算机软件,美股上市,李女士,无
中级java开发工程师,深圳-南山区,,12-17k,"3-5年,本科,Spring,Java,SpringBoot,MySQL,后端开发",深圳云游四海信息科技有限公司,物联网,融资未公开,何先生,人力资源总监
java开发,深圳-南山区,,9-11k,"1-3年,本科,Java,Spring,SpringBoot,MySQL,Web开发",深圳云游四海信息科技有限公司,物联网,融资未公开,何先生,人力资源总监
java开发,杭州-拱墅区,,18-25k,"1-3年,统招本科,Spring Cloud,Java,后端开发,Vue,大数据领域,金融领域,工业互联网",天道金科股份有限公司,计算机软件,战略投资,李先生,HR
java开发软件工程师,宁波-鄞州区,,12-24k·13薪,"3-5年,统招本科,Java,后端开发,Spring Boot,Mybatis",一木智能,计算机视觉,50-99人,杨女士,
Java,苏州,,10-15k,"3-5年,本科,Spring,系统开发,Netty,人工智能领域,Mybatis,JVM,后端开发,通信领域,Redis,消息队列",苏州航天系统工程,IT服务,50-99人,顾女士,经理
JAVA后端开发工程师,天津,,13-22k,"3-5年,统招本科,大数据领域,JVM,后端开发,网络开发,前端开发,通信领域,Tomcat,MySQL,非关系型数据库",国网瑞嘉,机器人,100-499人,韩女士,HRBP
JAVA软件工程师,武汉-武昌区,,12-16k,"经验不限,统招本科,JVM,架构设计,SpringCloud,Dubbo,系统开发,消息队列,RabbitMQ,Docker,容器,Kafka",湖北长江云新媒体集团有限公司,互联网+,100-499人,鄢女士,招聘专员
java开发,宁波-鄞州区,,12-24k·13薪,"3-5年,本科,Java,系统开发,Spring Boot,SQL,后端开发",一木智能,计算机视觉,50-99人,李女士,人事经理
软件技术部—高级java开发工程师,杭州-滨江区,,15-30k·15薪,"5-10年,统招本科,UML,PostgreSQL,MySQL,Oracle,Linux",海康威视,计算机软件,沪深A股上市,方女士,招聘HR
Java开发工程师,深圳,,15-30k·14薪,"3-5年,统招本科,Java",顺丰,交通/物流/运输,10000人以上,栗先生,招聘经理
java工程师,北京,,18-25k,"3-5年,统招本科,模块开发,框架开发,框架设计,功能开发,系统开发,Java,SQL",观成科技,计算机软件,A轮,李先生,总经理
java高级工程师,北京-东城区,,20-25k,"5-10年,本科,Mybatis,框架开发,框架设计,Spring,JVM,IT/信息化领域,架构设计,前端开发,MySQL,消息队列",中远海运科技(北京)有限公司,计算机软件,100-499人,王女士,人力资源部主管
中级java开发工程师,广州-海珠区,,18-25k,"5-10年,大专,模块开发,功能开发,大数据领域,容器,消息队列",湛蓝科技,互联网/电商,融资未公开,刘先生,招聘经理
软件开发工程师（c++或Java）,武汉-江夏区,,10-20k·14薪,"3-5年,本科,C++,Java,Python",光庭信息,IT服务,1000-2000人,梁先生,
中级java开发工程师,上海,,18-23k·13薪,"3-5年,统招本科,框架开发,框架设计,架构设计",复深蓝软件,计算机软件,2000-5000人,张女士,招聘经理
Java,北京-朝阳区,,20-30k,"5-10年,统招本科,Java",北京网路智联科技有限公司,交通/物流/运输,50-99人,杨女士,无
Java开发工程师,重庆-南岸区,,1-2k,"3-5年,本科,前端开发,系统开发,Java",重庆交大交通安全科技研究院有限公司,规划/设计/装潢,1-49人,董女士,综合办负责人
Java开发工程师,广州-番禺区,,5-6k,"1-3年,学历不限,框架设计,框架开发,JVM,容器",爱家云信息科技有限公司,企业服务软件,融资未公开,林女士,
Lead Software Engineer (Java),成都-高新区,,面议,"5-10年,学历不限,CI,ActionScript,Java,SQL Server,.NET,SQL,Linux",亿磐,计算机软件,美股上市,李女士,无
Java高级开发工程师,深圳,,20-40k,"5-10年,本科,系统开发,Mybatis,消息队列,Java,SQL,非关系型数据库,MySQL,Linux",善筑控股集团有限公司,房产服务,其他,雷女士,
Java技术主管,无锡-新吴区,,20-30k·13薪,"3-5年,本科,Java,SQL,Spring,大数据领域",极熵数据,IT服务,A轮,邹先生,人事专员
java工程师,南昌-南昌县,,10-15k,"3-5年,大专,Java,需求分析,后端开发,框架开发,SQL,Javascript,SQL Server,Oracle,MySQL,工业互联网",欧菲光集团股份有限公司,电子/芯片/半导体,沪深A股上市,郭先生,招聘经理
Java开发工程师,北京,,15-25k,"3-5年,本科,Shell,分布式技术,多线程,服务器配置,数据结构,消息队列,搜索引擎技术,Spring",北京智慧星光信息技术有限公司,计算机软件,1000-2000人,刘女士,
Java开发工程师,武汉-洪山区,,15-25k,"3-5年,统招本科,Spring,Netty",矩阵元,互联网/电商,A轮,戴女士,人事总监
高级Java开发工程师 (MJ000238),上海,,20-35k,"经验不限,本科",快仓智能,人工智能,C轮,任女士,人力资源总监
Java开发工程师(高级，物联网saasD+轮）,广州,,20-30k,"3-5年,本科,源码,netty",乐摇摇,行业Saas,D轮,郭女士,
中级java软件工程师,上海-闵行区,,25-40k·14薪,"5-10年,统招本科,Java,Java框架",山景智能(北京)科技有限公司,AI行业应用,A轮,赵女士,高级招聘主管
Java研发主管,武汉,,20-25k,"3-5年,统招本科,Java,ssh,Springmvc,Mybatis,软件开发,计算机,程序员,通信,电子,软件工程师",武汉研锶信息科技有限公司,互联网+,融资未公开,刘先生,
高级Java工程师,武汉,,14-22k,"3-5年,统招本科,Java,ssh,Springmvc,Mybatis,软件开发,计算机,程序员,通信,电子,软件工程师",武汉研锶信息科技有限公司,互联网+,融资未公开,刘先生,
Java工程师,武汉,,10-14k,"1-3年,统招本科,Java,ssh,Springmvc,Mybatis,软件开发,计算机,程序员,通信,电子,软件工程师",武汉研锶信息科技有限公司,互联网+,融资未公开,刘先生,
高级JAVA开发工程师 (MJ000094),成都-武侯区,,10-15k,"5-10年,大专,Mybatis,Spring,电商领域,J2EE,RabbitMQ,Redis,Zookeeper,Kafka,MySQL,Java",富安娜家居,家具/家电,沪深A股上市,江女士,招聘主管
JAVA开发工程师 (MJ000093),深圳,,9-12k,"经验不限,大专",富安娜家居,家具/家电,沪深A股上市,江女士,招聘主管
java工程师,北京,,12-18k·14薪,"3-5年,本科,模块开发,JUnit,功能开发,Web开发,需求分析,Oracle,Tomcat,SQL,Shell",珠海汇金科技股份有限公司,金融科技,创业板上市,莫女士,招聘主管
Java技术主管,无锡-新吴区,,20-30k·13薪,"5-10年,本科,大数据领域,架构设计,系统开发,消息队列,Java,SQL,GIT",极熵数据,IT服务,A轮,周女士,人事专员
Java开发工程师,深圳,,13-20k,"3-5年,大专,Java,sql",兴融联股份,IT服务,新三板上市,罗女士,
java中高级开发工程师,南京,,16-30k·15薪,"3-5年,大专,模块开发,功能开发,框架设计,框架开发,SpringCloud,Spring,Mybatis,SpringMVC,系统开发,SpringBoot",天与养老,互联网+,A轮,郭女士,人力资源经理
Java RPA开发工程师,合肥-高新区,,9-15k·14薪,"1-3年,本科,IT/信息化领域,框架开发,框架设计,Redis,HTML,消息队列,MySQL",上海最会保网络科技有限公司,互联网金融,C轮,张女士,HRBP
Java开发-预算/合同/资产管理开发,东莞-长安镇,,10-20k,"3-5年,大专,源码,设计模式,Spring,Dubbo,Mybatis,微服务框架,redis,性能优化,Linux,资产管理系统",深圳千域时代科技有限公司,互联网/电商,50-99人,李女士,招聘经理
Java开发/运维开发,东莞-长安镇,,16-26k,"3-5年,大专,分布式系统,Springboot,Elasticsearch,ELK,监控,Linux,Java,运维",深圳千域时代科技有限公司,互联网/电商,50-99人,李女士,招聘经理
JAVA开发工程师,上海-静安区,,15-30k,"3-5年,统招本科,Java,JAVA数据库",名筑科技信息有限公司,B2B,1-49人,文女士,
java开发经理,北京-海淀区,,18-25k,"5-10年,大专,分布式,spring,java,mysql,mybatis,数据库,oracle,linux,struts,sql",北京宇信科技集团股份有限公司,IT服务,创业板上市,许女士,
Java资深开发工程师,上海-浦东新区,,15-25k,"3-5年,本科,spring,java,mybatis,数据库,hibernate,oracle,sql,jquery,javascript,html",赫比国际,电子/芯片/半导体,10000人以上,涂女士,人事
java开发工程师-UD项目,天津-东丽区,,12-24k,"经验不限,本科,spring,java,hibernate,oracle,sql,docker,jenkins",软通动力分支机构,互联网/电商,10000人以上,徐女士,猎头顾问
资深java开发工程师,上海,,25-30k,"5-10年,统招本科,分布式,spring,java,mysql,数据库,oracle,linux,dubbo",顶昂科技,汽车后市场,100-499人,张女士,人事主管
java开发,上海-徐汇区,,20-25k,"5-10年,大专,java,mysql,mybatis,数据库,redis",北京瑞友科技股份有限公司,计算机软件,其他,李女士,招聘
Java开发工程师,北京-海淀区,,15-35k·14薪,"经验不限,本科,分布式,spring,java,mysql,mybatis,redis,dubbo,shell",北京深睿博联科技有限责任公司,医疗器械,100-499人,张女士,hr
java工程师(双休+五险一金）,郑州,,8-12k,"3-5年,大专,分布式,spring,java,mybatis,数据库,redis,oracle,sql,git,idea",郑州软语科技有限公司,计算机软件,100-499人,米女士,HR
高级JAVA开发,西安-雁塔区,,12-20k,"5-10年,大专,分布式,spring,java,mysql,mybatis,数据库,redis,oracle,linux,jquery",广州天维信息技术股份有限公司,计算机软件,新三板上市,张女士,
java开发工程师,上海,,12-24k,"1-3年,本科,spring,java,mysql,redis,vue,etl",深圳市雪球科技有限公司,互联网/电商,50-99人,倪女士,HRM
Java开发工程师 (MJ000620),广州-天河区,,15-25k,"1-3年,大专,spring,java,linux,sql,javascript,html,eclipse",瞬联软件科技,计算机软件,1000-2000人,刘女士,招聘经理
高级java开发工程师,广州-海珠区,,20-25k,"5-10年,大专,分布式,spring,java,mysql,mybatis,数据库,redis,dubbo,mongodb,postgresql",湛蓝科技,互联网/电商,融资未公开,刘先生,招聘经理
java开发工程师,苏州-工业园区,,10-20k,"1-3年,统招本科,mysql,sql,socket技术,svn,webserver",苏州伊欧陆系统集成有限公司,电子/芯片/半导体,50-99人,朱女士,人事
java软件开发,佛山-顺德区,,10-15k·13薪,"1-3年,大专,软件开发,二次开发",炬森五金,机械设备制造,2000-5000人,王女士,招聘专员
中高级java开发工程师,上海,,15-25k,"3-5年,统招本科,分布式,spring,java,mysql,数据库,oracle,linux,dubbo",顶昂科技,汽车后市场,100-499人,陈女士,人事专员
初级java工程师,上海,,10-14k,"1-3年,统招本科,分布式,spring,java,mysql,数据库,oracle,linux,dubbo",顶昂科技,汽车后市场,100-499人,陈女士,人事专员
java开发工程师-Sony项目,成都-高新区,,10-15k,"经验不限,本科,spring,java,hibernate,linux,git,docker,idea",软通动力分支机构,互联网/电商,10000人以上,徐女士,猎头顾问
Java开发工程师-本部,成都,,12-15k,"3-5年,本科,spring,java,hibernate,linux,git,docker,idea",软通动力分支机构,互联网/电商,10000人以上,马女士,顾问(C)
高级java开发工程师,南京-江宁区,,18-25k·15薪,"3-5年,本科,分布式,spring,java,mysql,mybatis,数据库,redis,sql",天与养老,互联网+,A轮,郭女士,人力资源经理
中级java开发工程师,北京-朝阳区,,16-32k·14薪,"3-5年,大专,分布式,spring,java,mysql,mybatis,数据库,redis,sql,netty,python",深圳市雪球科技有限公司,互联网/电商,50-99人,倪女士,HRM
java开发工程师（数据治理）,广州,,15-20k·13薪,"3-5年,本科,java",广州金越软件技术有限公司,计算机软件,融资未公开,林女士,人事
JAVA中级开发工程师,广州-黄埔区,,15-18k,"3-5年,统招本科,spring,java,mysql,mybatis,数据库,redis",恒峰信息技术有限公司,在线教育,已上市,何女士,HR
Java开发工程师,北京-昌平区,,8-15k·14薪,"经验不限,统招本科,java,mysql,mybatis,数据库,redis,oracle,linux,sql",荣盛盟固利新能源科技有限公司,新能源,2000-5000人,程女士,招聘经理
Java开发工程师,常州-钟楼区,,10-20k,"3-5年,学历不限,spring,java,mysql,mybatis,数据库,redis,linux,sql,git,docker",中电数字,医疗信息化,100-499人,朱女士,HR 经理
java工程师,杭州-上城区,,13-26k·15薪,"1-3年,统招本科,分布式,spring,java,mysql,mybatis,redis,sql,dubbo,nosql,mongodb",金帝联合控股集团有限公司,房产开发,500-999人,宋女士,
应用开发工程师（JAVA）,北京,,10-14k,"1-3年,大专,java,sql,javascript,html,git,ssm,mysql,oracle,redis,服务器配置",同方股份计算机产业本部,计算机/网络设备,10000人以上,张女士,招聘主管
MES（Java） 工程师,上海-浦东新区,,10-16k,"3-5年,本科,java,mysql,数据库,oracle,sql,javascript,android,c#",赫比国际,电子/芯片/半导体,10000人以上,涂女士,人事
后端中级JAVA工程师,广州-天河区,,18-25k,"3-5年,大专,分布式,spring,java,mysql,mybatis,数据库,oracle,linux,sql,dubbo",贤能数科,互联网金融,50-99人,黄女士,人力总监
Java开发工程师,上海-静安区,,15-17k,"3-5年,大专,分布式,spring,java,mysql,mybatis,数据库,hibernate,oracle,linux",上海媛福达贸易有限公司,快消品,500-999人,张女士,招聘经理/主管
java开发工程师,广州,,12-17k,"3-5年,统招本科,分布式,java,mysql,mybatis,数据库,redis,oracle,nosql,git",壹链盟,金融科技,100-499人,徐先生,招聘经理
java开发工程师,杭州-拱墅区,,14-20k·13薪,"3-5年,大专,分布式,spring,java,mysql,数据库,linux",全速网络,互联网+,1000-2000人,张先生,招聘官
java开发工程师,上海-浦东新区,,10-15k·15薪,"经验不限,统招本科,spring,java,mysql,mybatis,数据库,redis,sql,nosql,前端开发",上海元年金融信息服务有限公司,基金,100-499人,王女士,人力资源副经理
java工程师,北京-朝阳区,,15-30k,"1-3年,大专,spring,java,svn,git,netty",德联易控,互联网/电商,50-99人,胡女士,HRD
高级java工程师,无锡-新吴区,,15-30k,"3-5年,本科,java",江苏奥立信数字科技有限公司,计算机软件,50-99人,缪女士,人力资源总监
后端Java开发工程师,苏州-相城区,,10-20k,"1-3年,本科,分布式,spring,java,mysql,mybatis,数据库,redis,linux,sql,nosql",苏州高铁新城人力资源管理有限公司,专业服务,1-49人,顾先生,寻访员(R)
高级开发工程师（JAVA）,杭州,,15-25k,"3-5年,本科,分布式,spring,java,mysql,数据库,redis,oracle,linux,sql,dubbo",顿力集团,机械/机电/重工,1000-2000人,施女士,招聘经理
高级Java开发工程师 (MJ000022),上海,,面议,"5-10年,统招本科,java,mysql,mybatis,数据库,redis,oracle,linux,sql,dubbo,netty",快仓智能,人工智能,C轮,任女士,人力资源总监
java工程师,北京-朝阳区,,10-14k,"1-3年,大专,java,android",美兰德,专业服务,50-99人,孙女士,副总经理
java开发工程师,上海-静安区,,15-30k,"3-5年,统招本科,spring",名筑科技信息有限公司,B2B,1-49人,单女士,招聘经理
Java开发工程师_北京中台,北京-朝阳区,,15-30k·14薪,"3-5年,大专,分布式,spring,java,mysql,mybatis,数据库,redis,sql,netty,python",深圳市雪球科技有限公司,互联网/电商,50-99人,倪女士,HRM
JAVA开发工程师(J10584),北京-东城区,,15-30k,"3-5年,本科,java",TalkingData,互联网/电商,C轮,王先生,大客户经理
job_title,job_dq,job_tag,job_salary,job_labels,company,company_field,company_size,hr,hr_pos
Java开发工程师,南京-江宁区,急聘,15-25k,"1-3年,本科,电商领域,系统开发,架构开发,架构设计,RabbitMQ,Kafka,Elasticsearch,SQL,Redis,Java",南京博晟宇网络科技有限公司,大数据,融资未公开,何女士,
java开发工程师,武汉-洪山区,急聘,12-20k,"3-5年,本科,Javascript",北京双泽维度信息技术有限公司,数据服务商,50-99人,张女士,出纳/行政内勤/客户助理
技术/研发总监,南京-建邺区,急聘,25-35k·13薪,"3-5年,统招本科,架构设计,前端开发,系统设计,SpringBoot,SpringCloud,Nginx,JVM,Java,团队管理,技术战略",江苏新华烽火数据技术有限公司,通信业,1-49人,高女士,人力资源经理/主管
JAVA微服务高级工程师,大连,,15-25k·15薪,"5-10年,本科及以上,Java,微服务",知名跨国IT公司,计算机软件,融资未公开,龚女士,猎头顾问
Java Developer,天津-滨海新区,,15-25k·13薪,"3-5年,统招本科,Koa,j2me,J2SE,SQL,Java",某知名公司,计算机软件,不需要融资,丁先生,猎头顾问
大学java讲师带薪寒假8-12K,常德-武陵区,,8-12k,"1-3年,统招本科",湖北美和易思教育科技有限公司湖南分公司,专业服务,1000-2000人,邹女士,
java架构师,深圳-南山区,,25-40k,"5-10年,统招本科,java,spring,mysql,linux,redis,mybatis,sql",诺博医疗,医疗器械,C轮,刘女士,人事行政经理
高级java工程师,深圳-南山区,,18-30k,"5-10年,本科,spring,java,mysql,mybatis,数据库,redis,linux,sql,git,shell",诺博医疗,医疗器械,C轮,刘女士,人事行政经理
Java资深/架构师/总监,深圳,,35-70k·14薪,"10年以上,本科",跨越速运,交通/物流/运输,10000人以上,郭先生,招聘专家
 java,重庆-南岸区,,8-12k·13薪,"3-5年,本科,模块开发,Spring,系统开发,框架设计,框架开发,SQL,Java",愉客行,交通/物流/运输,融资未公开,郑女士,HR
JAVA开发工程师（DHR),广州-天河区,,12-25k·13薪,"3-5年,本科,Java,元数据,权限,流程引擎",中数通信息,通信技术提供商,1000-2000人,杨女士,中数通HR@杨
Java开发工程师【深圳】,深圳-南山区,,15-26k·13薪,"3-5年,统招本科,java,mysql,数据库,redis,sql,mongodb",兴海物联,人工智能,其他,毛女士,招聘管理岗
java高级工程师,上海,,20-30k·17薪,"1-3年,统招本科,spring,java,mysql,mybatis,redis,oracle,sql",Onchain,互联网金融,A轮,杨女士,HRM
java技术经理,武汉,,20-25k·15薪,"5-10年,统招本科,Spark,服务器开发,JVM,系统开发,模块开发,Kafka,Hadoop,Elasticsearch,MongoDB,关系型数据库",某武汉制药上市公司,制药/生物工程,已上市,顾颖斌,猎头顾问
Java开发工程师（app后端开发）,上海,,15-35k·15薪,"5-10年,本科",喜马拉雅,社交网络,其他,郑女士,
JAVA开发工程师（供应链）,广州-天河区,,12-22k·13薪,"3-5年,本科,Java",中数通信息,通信技术提供商,1000-2000人,杨女士,中数通HR@杨
java开发工程师,深圳-宝安区,,18-30k,"3-5年,本科,系统开发,MySQL,Spring",唯景互娱,计算机软件,50-99人,蒋女士,HR
Java开发工程师,郑州-金水区,,6-12k·13薪,"1-3年,统招本科,系统开发,SpringMVC,Mybatis,IT/信息化领域,J2EE,Java",北京思诺博信息技术有限公司,ERP,融资未公开,姚女士,人事经理
Software Engineer(Backend Java Developer),北京-朝阳区,,面议,"3-5年,本科,Java,后端开发,Docker,Javascript,API,AWS Lambda,DynamoDB,IT/信息化领域,通信领域,汽车领域",维瑞联行车联网科技(北京)有限公司,计算机软件,500-999人,魏女士,HRBP
软件运维工程师,上海-闵行区,,10-18k·13薪,"1-3年,本科,SystemVerilog,AppleTalk DDP",华夏邓白氏,专业服务,100-499人,孙女士,Senior Recruiting Specialist
研发副经理（Java方向）,成都-高新区,,20-40k,"10年以上,统招本科,架构设计,技术支持,技术战略,系统设计,算法设计,Java,消息队列,MySQL",海泰方圆,计算机软件,天使轮,徐先生,招聘经理
JAVA 软件工程师,杭州-余杭区,,12-20k,"3-5年,统招本科,移动开发,架构设计,MySQL,SQL Server,Solr,Oracle",复星北铃(北京)医疗科技有限公司,医疗器械,融资未公开,贾女士,HRBP
JAVA 软件工程师,北京-朝阳区,,15-25k,"3-5年,统招本科,架构设计,移动开发,Solr,MySQL,SQL Server,Oracle",复星北铃(北京)医疗科技有限公司,医疗器械,融资未公开,贾女士,HRBP
java工程师,重庆,,10-15k,"1-3年,本科,系统开发,需求分析,架构设计,关系型数据库,SVN,GIT",芯爱智能,人工智能芯片,50-99人,付女士,行政人事经理
高级java工程师（智能上海）,上海-黄浦区,,21-25k,"5-10年,本科,SpringCloud,工业互联网,Java,Redis,MongoDB",宝通科技,橡塑制品,沪深A股上市,涂女士,人事经理
高级Java开发工程师(苏州)(J10486),苏州-吴江区,,10-15k·14薪,"3-5年,本科,jQuery,Tomcat,J2EE,前端开发,后端开发,Java",善诚科技发展上海,IT服务,100-499人,张女士,招聘担当
java 中级软件开发工程师(科电航宇),成都-青羊区,,15-30k·13薪,"3-5年,本科,通信领域,框架开发,框架设计,后端开发,Qt,消息队列,D语言,QML,UML,Qt Creator",广东省大湾区集成电路与系统应用研究院,芯片/集成电路,100-499人,李女士,招聘主管
Java开发工程师,上海-徐汇区,,17-25k·15薪,"5-10年,本科,后端开发,Spring,框架开发,框架设计,Spring Cloud,模块开发,JVM,Java,Golang,Objective-C",公牛集团,家具/家电,沪深A股上市,左女士,招聘经理
高级java开发工程师,苏州,,17-20k·14薪,"3-5年,大专,架构设计,IT/信息化领域,Docker,Redis,Oracle,MySQL,容器,SQL,Couchbase,消息队列",同程旅行,O2O服务,10000人以上,邱女士,HRBP
java开发工程师,上海-长宁区,,15-18k,"3-5年,本科,模块开发,需求分析,架构设计,Redis",北京瑞友科技股份有限公司,计算机软件,其他,张女士,招聘主管
JAVA系统开发工程师,北京-朝阳区,,15-20k·14薪,"3-5年,本科,jave",旅视万杨,房产开发,融资未公开,刘先生,招聘经理
（医药信息化）Java架构师,上海-徐汇区,,30-45k,"5-10年,统招本科,架构设计,技术战略,Java,SQL,Python,SQL Server",惠每移健(北京)科技有限公司,医疗信息化,100-499人,陈女士,招聘经理
Java游戏开发工程师,广州-天河区,,15-25k,"1-3年,大专,spring,java,mysql,数据库,linux,sql,netty",乐趣无限,社交网络,A轮,叶女士,招聘HR
高级java开发工程师,杭州,,25-45k·15薪,"5-10年,本科,java,mysql,数据库,oracle,linux,sql,saas",硕磐智能,计算机软件,其他,周先生,人力资源总监hrd
中高级Java开发工程师（基础开发平台研发方向）,青岛-市北区,,12-20k,"3-5年,本科,分布式,java,mysql,数据库,oracle,sql,前端开发,docker,vue,jenkins",山东正德弘远软件科技股份有限公司,计算机软件,融资未公开,孙女士,人事
java开发工程师,佛山-禅城区,,15-26k,"5-10年,本科,java",简一陶瓷,房地产/建筑,1000-2000人,陈女士,招聘经理/主管
技术总经理（Java方向）,北京-海淀区,,20-40k,"10年以上,统招本科,java,mysql,算法,oracle,javascript,css,html",海泰方圆,计算机软件,天使轮,徐先生,招聘经理
Java架构师,青岛-李沧区,,10-15k·15薪,"3-5年,统招本科,java",青岛中瑞集团,互联网/电商,2000-5000人,宋女士,HR
资深JAVA工程师（职位编号：LZHR154）,北京,,25-35k,"5-10年,本科,java",朗致集团,制药/生物工程,10000人以上,安女士,应届生
Java开发工程师,天津,,8-12k,"经验不限,学历不限,网络开发,前端开发,Apache,Objective-C,Java,C/C++,C语言",宜科电子,电子/芯片/半导体,500-999人,李女士,
java专家,上海,,35-65k·15薪,"5-10年,统招本科,架构设计,框架开发,框架设计,Tomcat,UML,MySQL,Java,Eclipse,Maven,GIT",某公司,互联网/电商,C轮,徐女士,猎头顾问
java Leader,上海-闵行区,,25-35k·17薪,"5-10年,统招本科,框架开发,框架设计,架构设计,Tomcat,UML,MySQL,Java,Eclipse,Maven,GIT",某大型互联网公司,互联网/电商,C轮,李先生,猎头顾问
高级java开发工程师,北京-大兴区,,25-40k·13薪,"5-10年,统招本科,java",某大型医药集团,互联网/电商,融资未公开,王女士,猎头顾问
Java工程师（上海，长沙）,上海,,15-20k,"1-3年,大专及以上,模块开发,需求分析,架构设计,Redis,Couchbase,Shell,MySQL,Python,SQL,Unix",某上海计算机软件公司,企业服务软件,天使轮,古女士,猎头顾问
java研发专家（北/上/成/广）,北京,,35-50k·15薪,"经验不限,统招本科,大数据领域,云计算领域,框架设计,框架开发,SQL,UML,MySQL,Java,Unix",某知名云计算公司,计算机软件,5000-10000人,高女士,猎头顾问
java,南京-雨花台区,,18-24k,"3-5年,大专",软通动力,互联网/电商,10000人以上,张女士,招聘顾问
java工程师,成都-高新区,,13-20k,"5-10年,统招本科",友邦资讯科技,IT服务,500-999人,李女士,招聘负责人兼HRBP
java开发程师（中级）,长春-净月区,,8-15k,"3-5年,大专,后端开发,系统开发,Java,银行领域",北京和顺恒通科技有限公司,金融科技,融资未公开,臧女士,集团人资经理
中高级Java开发工程师（唐山）,唐山-路北区,,12-22k,"3-5年,大专",北京和顺恒通科技有限公司,金融科技,融资未公开,臧女士,集团人资经理
资深java工程师,北京-朝阳区,,18-35k·14薪,"5-10年,统招本科",北京高域海汇科技有限公司,大数据行业应用,其他,胡女士,高级招聘专员
Java 后端开发工程师,北京-海淀区,,12-18k,"3-5年,本科",北京南天智联信息科技股份有限公司,政务/公共服务,50-99人,陈女士,HR经理
java开发,北京-东城区,,20-40k,"3-5年,统招本科",民生科技有限责任公司,IT服务,5000-10000人,蒋先生,
数据平台java工程师(J10590),成都-高新区,,18-36k·15薪,"经验不限,统招本科",斑马网络技术有限公司,互联网/电商,1000-2000人,程女士,HR（招聘）
技术经理（Java架构师）,北京-朝阳区,,30-50k,"10年以上,本科,SpringCloud,架构设计,技术管理,Java,J2EE,团队管理,软件开发,技术战略",德联易控,互联网/电商,50-99人,胡女士,HRD
高级JAVA工程师（云管）base 武汉、成都(J10233),成都,,15-25k·14薪,"5-10年,本科",北京青云科技股份有限公司,IT服务,科创板上市,王女士,人力资源伙伴(HRBP)&组织人才培养发展专家（TD）
java算法工程师,郑州-高新区,,10-12k,"经验不限,本科,后端开发,算法优化,算法开发",巩义市广益耐火材料有限公司,批发零售,50-99人,王先生,办公室职员
java高级开发工程师,深圳-南山区,,15-25k,"5-10年,统招本科,IT/信息化领域,系统开发,Java,Javascript,HTML",深圳市广和通无线股份有限公司,计算机/网络设备,已上市,周女士,
Senior Software Engineer (Java),成都-高新区,,18-30k·13薪,"经验不限,统招本科,Spring,Spring Cloud,Java,SQL,Docker,后端开发,IT/信息化领域,银行领域,金融领域,电商领域",亿磐,计算机软件,美股上市,李女士,招聘顾问
Senior Software Engineer (Java),苏州-工业园区,,18-25k·13薪,"经验不限,统招本科,后端开发,Spring,Docker,Spring Cloud,Java,IT/信息化领域,银行领域,商业信息化,大数据领域,电商领域",亿磐,计算机软件,美股上市,李女士,招聘顾问
java高级工程师,重庆-渝北区,,10-13k,"5-10年,本科,架构开发,Java,SpringMVC,Spring Boot,MySQL",重庆畅停,IT服务,融资未公开,孙女士,行政经理/主管/办公室主任
高级JAVA研发工程师,武汉-武昌区,,10-17k,"3-5年,统招本科,JVM,架构设计,SpringCloud,系统开发,Dubbo,消息队列,MySQL,Elasticsearch,RabbitMQ,Docker",湖北长江云新媒体集团有限公司,互联网+,100-499人,鄢女士,招聘专员
Java开发工程师,上海-浦东新区,,15-25k,"3-5年,本科,电商领域,教育领域,IT/信息化领域,模块开发,Java,SQL,SVN",沪江,在线教育,D轮,张先生,招聘
高级java开发工程师,天津,,10-25k,"经验不限,本科,模块开发,架构设计,Java,Jbuilder,Eclipse",尚仕时尚科技,医疗/保健/美容,1000-2000人,贾女士,招聘主管
Java开发工程师（公共技术） (MJ004594),广州-番禺区,,20-40k·13薪,"5-10年,统招本科,框架设计,框架开发,系统开发,电商领域",欢聚集团,互联网/电商,美股上市,刘女士,人事
Java Leader,上海-静安区,,面议,"5-10年,统招本科,Spring Boot,需求分析,架构设计,Spring Cloud,Redis,Kafka,Java,后端开发,架构开发,MySQL",玫琳凯,快消品,融资未公开,张先生,
Java开发工程师,上海-浦东新区,,15-30k,"3-5年,统招本科,系统开发,Java,Objective-C,C/C++,C语言,C#,Python",上海金纳信息科技有限公司,互联网金融,50-99人,杨女士,HR
JAVA Architect (Architecture Development) JAVA架构师（架构开发）,深圳-福田区,,30-40k,"5-10年,本科,JVM,Etcd,Cache,Redis",海通国际(上海)股权投资基金管理有限公司,基金/证券/投资,融资未公开,何女士,
Senior JAVA Development Engineer(Architecture Development)高级JAVA开发工程师,深圳-福田区,,20-28k,"5-10年,本科,JVM,SystemVerilog,Kafka,Redis,Pulsar,Etcd,Cache,.NET",海通国际(上海)股权投资基金管理有限公司,基金/证券/投资,融资未公开,何女士,
Java资深开发工程师,成都-高新区,,10-20k·13薪,"5-10年,本科,DevOps,Sybase,Redis,Docker,Kubernetes",友邦资讯科技,IT服务,500-999人,肖女士,HRBP
java工程师,郑州-金水区,,7-9k,"1-3年,本科,架构设计,需求分析,SpringBoot,Spring Boot,前端开发,框架设计,框架开发,架构开发,系统开发,SQL",洛阳尤尼星运输有限公司,道路运输,50-99人,白女士,人事
java技术经理,广州-天河区,,20-30k,"5-10年,本科,Java,架构设计,全栈开发,项目管理,项目交付,交付经理,架构师,技术经理,解决方案,金融领域",京北方信息,IT服务,已上市,梁女士,招聘顾问
Java开发工程师,深圳-福田区,,18-20k,"3-5年,本科,Dubbo,Java,Spring Boot",小小金(深圳)投资控股有限公司,专业服务,50-99人,叶女士,人事经理
JAVA开发工程师（厦门）,厦门-思明区,,10-15k,"1-3年,大专,框架设计,框架开发,Spring,SpringMVC,IOS框架,SpringBoot,Spring Boot,Mybatis,jQuery,JVM",今天国际,计算机软件,沪深A股上市,丹先生,招聘经理
java开发(OA系统),武汉-江夏区,,面议,"1-3年,统招本科,Java,教育领域,医疗领域,人工智能领域",武汉中旗生物医疗电子有限公司,医疗器械,100-499人,蔡女士,人事主管
java工程师,上海-普陀区,,16-25k·14薪,"3-5年,大专,J2EE,后端开发,Javascript,XML,工业互联网,WebLogic,Myeclipse,HTML5,SQL Server,MySQL",上海联元智能科技有限公司,互联网/电商,B轮,杨女士,人事专员
高级Java开发工程师（大数据方向）,上海-杨浦区,,20-35k,"5-10年,学历不限,JVM,框架开发,框架设计,架构设计,SQL,Redis,Java,消息队列,PostgreSQL,MySQL",沪江,在线教育,D轮,张先生,招聘
高级java工程师,深圳,,28-35k,"5-10年,大专,SpringCloud,Java,后端开发,系统开发,IT/信息化领域",云集智造,企业服务软件,融资未公开,林女士,HR
Java开发工程师,深圳-南山区,,10-20k,"3-5年,统招本科,模块开发,功能开发,架构设计,架构开发,移动开发,系统开发,前端开发,SQL,Java",深圳麦格米特电气股份有限公司,电子/芯片/半导体,沪深A股上市,蔡女士,人力资源
Java开发工程师(QM),北京-朝阳区,,15-20k,"1-3年,统招本科,Java",瞬联软件科技,计算机软件,1000-2000人,刘女士,招聘经理
Software Engineer (Java),深圳-南山区,,面议,"1-3年,学历不限,CI,SQL,Oracle,Shell,.NET,ActionScript,SQL Server",亿磐,计算机软件,美股上市,李女士,无
Senior Software Engineer (Java),深圳-南山区,,面议,"3-5年,学历不限,Spring,Spring Cloud,CI,Java,.NET,SQL Server,SQL,ActionScript,非关系型数据库,Linux",亿磐,计算机软件,美股上市,李女士,无
高级java开发工程师,深圳,,27-35k,"5-10年,大专,Spring Cloud,Spring,JVM,架构设计,Kubernetes,Docker,SQL",云集智造,企业服务软件,融资未公开,覃女士,招聘专员
java高级开发工程师,无锡,,15-18k,"5-10年,本科,工业互联网,SpringCloud,Java,MongoDB",宝通科技,橡塑制品,沪深A股上市,涂女士,人事经理
高级java工程师,北京-海淀区,,20-30k,"5-10年,统招本科,系统开发,后端开发,需求分析,Oracle,分布式数据库,Redis,消息队列,Java,MySQL,SQL",北京精英路通科技有限公司,IT服务,其他,戎女士,人事专员
JAVA开发工程师(深圳),深圳,,25-35k,"5-10年,统招本科,Java",瑞声光电,电子/芯片/半导体,10000人以上,邓女士,人力资源伙伴(HRBP)
中级Java开发工程师,常州-武进区,,20-35k,"5-10年,统招本科,服务器开发,系统开发,IT/信息化领域,需求分析,容器,Java,R语言",瑞声光电,电子/芯片/半导体,10000人以上,邓女士,人力资源伙伴(HRBP)
高级java开发工程师,武汉-洪山区,,18-30k·13薪,"5-10年,统招本科,SpringMVC,架构设计,系统开发,Spring,Mybatis,SQL,Java",赛意信息,计算机软件,创业板上市,黄女士,
高级java开发工程师,深圳-龙华区,,18-30k·13薪,"5-10年,统招本科,SpringMVC,Mybatis,Spring,系统开发,架构设计,SQL,Java",赛意信息,计算机软件,创业板上市,黄女士,
高级java开发工程师,深圳-龙岗区,,18-30k·13薪,"5-10年,统招本科,SpringMVC,Mybatis,Spring,系统开发,架构设计,SQL,Java",赛意信息,计算机软件,创业板上市,黄女士,
java开发工程师,厦门-思明区,,10-15k,"3-5年,大专,spring,java,mysql,数据库,linux,sql,dubbo,git,netty,idea",厦门悠生活网络科技有限公司,O2O服务,50-99人,吴女士,人力资源总监hrd
java后台开发工程师,北京-朝阳区,,10-15k,"1-3年,大专,java,mysql,redis,jquery,javascript,css,html,dubbo,mongodb,crm",北京美中宜和妇儿医院有限公司,医疗/保健/美容,1000-2000人,杨女士,招聘经理
Java开发工程师,广州-天河区,,15-30k·13薪,"3-5年,统招本科,java,Spring Boot,后端开发,Spring Cloud,Spring MVC",广州有信科技有限公司,云计算,B轮,陈女士,招聘主管
Senior Software Engineer (Java),苏州-工业园区,,面议,"5-10年,学历不限,spring,java,hibernate,oracle,linux,javascript,svn,git,junit,docker",亿磐,计算机软件,美股上市,李女士,无
Software Engineer (Java),苏州-工业园区,,面议,"1-3年,学历不限,spring,java,hibernate,oracle,linux,javascript,svn,git,shell,jenkins",亿磐,计算机软件,美股上市,李女士,无
Senior Software Engineer (Java),成都-高新区,,面议,"3-5年,学历不限,spring,java,hibernate,oracle,linux,javascript,svn,git,junit,docker",亿磐,计算机软件,美股上市,李女士,无
中欧财富 Java开发工程师,上海-虹口区,,面议,"1-3年,本科,spring,java,mybatis,数据库,sql,服务器配置",中欧基金,基金,100-499人,张女士,人力资源
Java开发工程师（南京））,南京-江宁区,,7-12k·14薪,"1-3年,统招本科,spring,java,mysql,mybatis,数据库,oracle,sql,eclipse,git,项目管理",适途汽车,计算机软件,500-999人,陈女士,人力资源
java开发工程师,苏州-虎丘区,,10-20k·13薪,"3-5年,本科,spring,java,mysql,数据库,sql,python",苏州万店掌网络科技有限公司,计算机软件,C轮,钱女士,hrbp
高级JAVA 工程师,北京-海淀区,,30-40k·14薪,"5-10年,本科,分布式,spring,java,mysql,mybatis,数据库,struts,sql,javascript",艾迪泰科科技(北京)有限公司,制药/生物工程,融资未公开,赵女士,HRD
JAVA全栈开发,南宁-青秀区,,4-8k,"1-3年,本科,javascript,java,css,mysql,数据库,spring,linux,html,bootstrap,ajax",云图智造(北京)科技有限公司,计算机软件,融资未公开,韩女士,HR
Software Engineer (Java),成都-高新区,,面议,"1-3年,学历不限,CI,.NET,SQL,ActionScript,SQL Server,Shell,Oracle",亿磐,计算机软件,美股上市,李女士,无
资深Java开发工程师（第二药房）,北京-大兴区,,25-30k,"3-5年,统招本科,spring,java,mybatis,dubbo,nosql",朗致集团,制药/生物工程,10000人以上,安女士,应届生
Java工程师（支付）,上海,,15-30k·14薪,"3-5年,本科,java,mysql,mybatis,redis,linux",同程数科,金融科技,其他,樊女士,招聘专员
高级java开发工程师,深圳-福田区,,15-30k,"5-10年,本科,分布式,spring,java,mysql,数据库,redis,sql,nosql,mongodb,hadoop",深圳前海鼎颂法务创新集团,大数据,50-99人,韦先生,
中级java工程师,北京-海淀区,,20-30k·14薪,"1-3年,本科,分布式,spring,java,mysql,mybatis,数据库,struts,sql,javascript",艾迪泰科科技(北京)有限公司,制药/生物工程,融资未公开,赵女士,HRD
Japanese Java 日语,上海,,12-24k·13薪,"经验不限,学历不限,javascript,java,angular",普华永道信息技术,IT服务,10000人以上,邹女士,HR
java开发工程师,沧州,,6-10k,"1-3年,大专,分布式,java,mysql,mybatis,redis,oracle,javascript,junit",河北华烨冀科信息技术有限责任公司,计算机软件,融资未公开,刘女士,人事
JAVA软件工程师-中级/中高级 (MJ000478),廊坊-广阳区,,15-25k,"3-5年,统招本科,spring,java,mysql,mybatis,redis",瞬联软件科技,计算机软件,1000-2000人,刘女士,招聘经理
合肥Java软件开发工程师,合肥,,10-15k,"3-5年,本科,Tomcat,PostgreSQL,Oracle,MySQL,容器",云南白药集团股份有限公司,制药/生物工程,沪深A股上市,陈女士,医药产品岗
高级Java研发工程师,长沙,,16-19k,"3-5年,硕士,java",威胜信息技术股份有限公司,电子/芯片/半导体,已上市,黄女士,招聘经理
中级java工程师,郑州-郑东新区,,10-20k,"3-5年,统招本科,分布式,java,数据库,redis,linux,dubbo,memcached,系统架构",天瑞集团,采掘/冶炼/矿产,10000人以上,白先生,
Java Team Lead,西安-雁塔区,,20-30k·13薪,"5-10年,本科,spring,java,sql,docker,jenkins,framework,shell",ALTRAN,通信业,10000人以上,魏女士,
高级Java开发工程师（大数据方向）,上海,,20-30k,"5-10年,大专,java,mysql,mybatis,数据库,redis,linux,sql,nosql,shell,hadoop",沪江,在线教育,D轮,罗先生,招聘
Java总监-阿拉丁科技,北京-朝阳区,,40-50k·13薪,"5-10年,统招本科,spring,java,mysql,mybatis,数据库,redis,oracle,linux,sql,dubbo",阿拉丁控股集团,基金/证券/投资,100-499人,周先生,
java开发工程师,上海-普陀区,,15-25k·14薪,"3-5年,统招本科,spring,java,mysql,mybatis,数据库,oracle,sql,dubbo",新潮传媒集团,广告/市场/会展,D轮,居先生,董事长助理
JAVA程序员 JAVA软件工程师 JAVA开发工程师,宁波-慈溪,,6-8k,"一年以下,大专,spring,java,mysql,数据库",慈溪市顺通网络技术有限公司,计算机软件,融资未公开,韩先生,
高级JAVA开发工程师,北京-海淀区,,17-30k,"3-5年,本科,hadoop,spark,mysql,java,linux,oracle,spring,javascript,html,xml",中资医疗医药应急保障平台,大数据,融资未公开,刘女士,HR
高级Java研发工程师,北京,,15-25k,"5-10年,本科,模块开发,架构设计,架构开发,JVM,Web开发,Spring,功能开发,框架开发,框架设计,Kafka",北京利和,制药/生物工程,500-999人,王女士,HRBP
java工程师,北京-朝阳区,,7-12k,"1-3年,大专,spring,java,mybatis,jquery,css,html,svn,git,前端开发,bootstrap",北京智仿科技有限公司,计算机软件,,孟女士,人事行政
java后端开发工程师,南京-江宁区,,7-10k·13薪,"1-3年,本科,spring,java,mysql,mybatis,数据库,oracle,sql,eclipse,git,项目管理",适途汽车,计算机软件,500-999人,陈女士,人力资源
高级Java工程师（后台）(TJ0006),苏州-工业园区,,15-30k,"5-10年,本科,分布式,spring,java,mysql,数据库,hibernate,hadoop,系统架构",万得,互联网/电商,其他,姚女士,高级招聘专员
高级JAVA软件工程师(TJ0003),苏州-工业园区,,15-30k,"3-5年,统招本科,分布式,spring,java,mysql,数据库,hibernate,oracle,hadoop,html5,spark",万得,互联网/电商,其他,姚女士,高级招聘专员
Java架构师(TJ0005),苏州-工业园区,,15-30k,"10年以上,统招本科,分布式,java,hadoop,html5,spark,python,c++,机器学习,自然语言处理",万得,互联网/电商,其他,姚女士,高级招聘专员
中级java开发工程师,上海-浦东新区,,13-18k,"1-3年,本科,分布式,java,mysql,数据库,oracle,linux,sql,javascript,html,nosql",雷腾软件,互联网/电商,新三板上市,王女士,人力资源主管
高级JAVA开发工程师,深圳,,30-50k,"5-10年,本科,分布式,spring,java,mysql,数据库,sql",金蝶,互联网/电商,已上市,蒋女士,HRBP
高级JAVA开发工程师,北京-海淀区,,15-20k,"经验不限,本科,SpringBoot,Spring Boot,Java,消息队列,RabbitMQ,Redis,Zookeeper,关系型数据库",新道科技股份有限公司,在线教育,新三板上市,李女士,招聘主管
Java高级开发工程师,北京-海淀区,,20-30k,"经验不限,本科,SpringBoot,Spring Boot,消息队列,Java,RabbitMQ,关系型数据库,Redis",新道科技股份有限公司,在线教育,新三板上市,李女士,招聘主管
高级Java开发工程师,上海-静安区,,20-40k·14薪,"经验不限,本科,spring,java,mysql,数据库,redis",上海弼博信息技术有限公司,互联网/电商,100-499人,奚女士,招聘主管
Java开发工程师,北京,,20-21k,"3-5年,本科,java",北京汇企智服科技有限公司,行业解决方案,融资未公开,姚女士,联合创始人
资深Java软件工程师(TJ0013),南京-建邺区,,15-20k,"5-10年,统招本科,架构设计,系统开发,J2EE,Hadoop",万得,互联网/电商,其他,姚女士,高级招聘专员
资深Java软件工程师(TJ0004),上海-浦东新区,,15-20k,"5-10年,统招本科,架构设计,系统开发,J2EE,Hadoop",万得,互联网/电商,其他,姚女士,高级招聘专员
高级java开发工程师,上海,,25-30k·13薪,"5-10年,大专,分布式,spring,java,mysql,mybatis,数据库",CDP集团,专业服务,500-999人,张女士,TA Specialist&HRBP
高级Java工程师,上海,,20-30k,"5-10年,本科,java,mysql,mybatis,redis,linux",上海航数智能科技有限公司,互联网/电商,50-99人,程女士,人事总监
高级java开发工程师,成都-武侯区,,15-20k,"5-10年,统招本科,Hibernate,JUnit,Spring,Struts,内容开发,模块开发,MVC,IT/信息化领域,Web开发,Jetty",四川弘和集团,互联网/电商,100-499人,唐先生,
资深java架构师,上海-浦东新区,,25-35k·16薪,"3-5年,本科及以上",某深圳电子技术上市公司,电子设备,已上市,付女士,猎头顾问
java高级软件工程师,上海-浦东新区,,25-26k,"5-10年,本科及以上,Java",某知名公司,生活服务,融资未公开,余女士,猎头顾问
java后台开发工程师（自研/周末双休）,深圳-南山区,,35-50k·16薪,"3-5年,统招本科,后端开发,Java,Spring Boot,Spring,Spring Cloud,MySQL,Redis,Kafka,JVM,Dubbo",某互联网公司,金融科技,,陈女士,猎头顾问
java高级开发工程师,北京-海淀区,,20-30k,"经验不限,本科及以上",某国内互联网上市公司,在线教育,已上市,张女士,猎头顾问
java开发,上海,,20-40k·15薪,"3-5年,统招本科,Java",某上海知名上市公司,门户网站,已上市,夏先生,猎头顾问
java开发,深圳,,8-12k,"1-3年,统招本科,框架设计,框架开发,Struts,商业信息化,Hibernate,VR开发,SpringMVC,Mybatis,Spring,IT/信息化领域",某北京计算机软件公司,计算机软件,融资未公开,鲁女士,猎头顾问
Java开发工程师,上海,,13-18k·14薪,"1-3年,统招本科,框架设计,框架开发,Web开发,UML",国内知名人工智能领域上市集团,互联网/电商,已上市,周先生,猎头顾问
java(后端）,北京,,15-25k·15薪,"3-5年,统招本科,架构设计,框架开发,框架设计,架构开发,Spring Boot,后端开发,Spring,大数据领域,Docker,容器",某知名产业地产,房产开发,融资未公开,唐先生,猎头顾问
Java开发工程师,杭州,,40-50k·13薪,"5-10年,本科及以上,Web开发,功能开发,模块开发,架构设计,Java",杭州鸿昆企业管理咨询有限公司,专业服务,1-49人,曾先生,猎头顾问
Java开发工程师,杭州,,40-50k·13薪,"5-10年,本科及以上,Web开发,功能开发,模块开发,架构设计,Java",杭州鸿昆企业管理咨询有限公司,专业服务,1-49人,周女士,猎头顾问
java高级工程师,深圳,,30-60k,"3-5年,统招本科,Dubbo,JVM,IT/信息化领域,Redis,Zookeeper",某top券商公司,证券,已上市,钟女士,猎头顾问
Java开发工程师（中台+自研）,深圳-南山区,,28-55k·16薪,"3-5年,本科及以上,Spring Boot,Spring,系统开发,Spring Cloud,Mybatis,Java,PostgreSQL,Kafka,Redis,RabbitMQ",某深圳互联网公司,金融科技,,张女士,猎头顾问
高级java开发（金融+互联网+自研）,深圳-南山区,,30-45k·16薪,"3-5年,本科及以上,Spring Boot,Spring,系统开发,Spring Cloud,Mybatis,Java,PostgreSQL,Kafka,Redis,RabbitMQ",某深圳互联网公司,金融科技,,张女士,猎头顾问
java,杭州,,21-25k,"1-3年,统招本科,Web开发,商业信息化,VR开发,SpringBoot,Spring Boot,Spring,框架开发,框架设计,架构设计,Visual Basic",某杭州大型贸易进出口公司,贸易/进出口,融资未公开,李先生,猎头顾问
java工程师,广州,,20-40k,"3-5年,学历不限,Java",某北京专业服务公司,创业服务,其他,韦女士,猎头顾问
java开发,上海,,25-35k·16薪,"3-5年,统招本科,框架开发,框架设计,架构设计,服务器开发,JVM,Java",某互联网金融机构,互联网金融,B轮,俞先生,猎头顾问
java后台开发工程师（To C),深圳,,35-45k·13薪,"3-5年,本科及以上,JVM,大数据领域,框架开发,框架设计,需求分析",某深圳互联网公司,金融科技,,张先生,猎头顾问
java高级工程师,上海,,20-27k·15薪,"3-5年,统招本科,模块开发,框架设计,框架开发,架构设计,服务器开发,JVM,MySQL,Java,SQL",某上海互联网上市公司,金融科技,已上市,刘先生,猎头顾问
高级Java后端开发工程师技术专家/架构师（P7+）,北京-朝阳区,,55-85k·15薪,"经验不限,统招本科,Java,Linux,MySQL,技术管理,电商领域,IT/信息化领域,商业信息化",某北京互联网上市公司,互联网/电商,已上市,郭先生,猎头顾问
java后台开发工程师,深圳-南山区,,25-50k·16薪,"经验不限,统招本科,JVM,大数据领域,框架开发,框架设计,需求分析",某知名公司,互联网/电商,,关先生,猎头顾问
Java中台软件开发工程师,深圳-南山区,,25-50k·16薪,"经验不限,统招本科,JVM,框架设计,框架开发,大数据领域,需求分析",某知名公司,互联网/电商,,关先生,猎头顾问
初级java开发/知名软件服务公司/知名公司大体量项目,上海,,8-12k,"1-3年,大专及以上,Java,后端开发,Oracle,Spring,中前后台模块开发,IT/信息化领域,保险领域,MySQL,医疗领域,模块开发",某北京计算机软件公司,计算机软件,融资未公开,陈先生,猎头顾问
Java开发工程师（中台+自研）,深圳-南山区,,28-55k·16薪,"3-5年,本科及以上,Spring Boot,Spring,系统开发,Spring Cloud,Mybatis,Java,PostgreSQL,Kafka,Redis,RabbitMQ",某深圳互联网公司,金融科技,,张女士,猎头顾问
高级java开发（金融+互联网+自研）,深圳-南山区,,30-45k·16薪,"3-5年,本科及以上,Spring Boot,Spring,系统开发,Spring Cloud,Mybatis,Java,PostgreSQL,Kafka,Redis,RabbitMQ",某深圳互联网公司,金融科技,,张女士,猎头顾问
高级java开发（金融+互联网+自研）,深圳-南山区,,30-45k·16薪,"3-5年,本科及以上,Spring Boot,Spring,系统开发,Spring Cloud,Mybatis,Java,PostgreSQL,Kafka,Redis,RabbitMQ",某深圳互联网公司,金融科技,,张女士,猎头顾问
高级java开发（金融+互联网+自研）,深圳-南山区,,30-45k·16薪,"3-5年,本科及以上,Spring Boot,Spring,系统开发,Spring Cloud,Mybatis,Java,PostgreSQL,Kafka,Redis,RabbitMQ",某深圳互联网公司,金融科技,,张女士,猎头顾问
高级java开发（金融+互联网+自研）,深圳-南山区,,30-45k·16薪,"3-5年,本科及以上,Spring Boot,Spring,系统开发,Spring Cloud,Mybatis,Java,PostgreSQL,Kafka,Redis,RabbitMQ",某深圳互联网公司,金融科技,,张女士,猎头顾问
高级java开发（金融+互联网+自研）,深圳-南山区,,30-45k·16薪,"3-5年,本科及以上,Spring Boot,Spring,系统开发,Spring Cloud,Mybatis,Java,PostgreSQL,Kafka,Redis,RabbitMQ",某深圳互联网公司,金融科技,,张女士,猎头顾问
高级java开发（金融+互联网+自研）,深圳-南山区,,30-45k·16薪,"3-5年,本科及以上,Spring Boot,Spring,系统开发,Spring Cloud,Mybatis,Java,PostgreSQL,Kafka,Redis,RabbitMQ",某深圳互联网公司,金融科技,,张女士,猎头顾问
后端研发专家（Java）,上海-浦东新区,,27-35k·15薪,"5-10年,统招本科,计算机相关专业,APP开发经验",某上海互联网上市公司,金融科技,已上市,宋女士,猎头顾问
Java开发工程师,上海-浦东新区,,25-40k·15薪,"3-5年,统招本科,电商或者是物流经验,互联网金融公司背景",某上海互联网上市公司,金融科技,已上市,宋女士,猎头顾问
java开发,上海,,20-40k·20薪,"3-5年,统招本科,功能开发,模块开发,后端开发,Java,关系型数据库,Python",某国内基金证券上市公司,证券,已上市,徐女士,猎头顾问
java开发工程师,珠海,,13-18k,"经验不限,统招本科,Spring Boot,SpringMVC,Spring,Spring Cloud,Mybatis,Java,Hibernate,Kafka,Redis",某计算机软件公司,计算机软件,战略融资,曹女士,猎头顾问
Java架构师/平台总监,杭州-余杭区,,40-60k,"经验不限,本科及以上,架构设计,Spring,Dubbo,Spring Cloud,Java",国内知名互联网公司,人工智能,C轮,沈女士,猎头顾问
java开发专家,上海-浦东新区,,25-45k·15薪,"3-5年,统招本科,较好的金融背景,电商或者是物流",某上海大型交通物流运输公司,交通/物流/运输,融资未公开,宋女士,猎头顾问
高级java工程师,深圳-福田区,,25-35k·13薪,"5-10年,大专及以上,微服务,Spring Boot,Spring Cloud,k8s生态,MySQL/Oracle数据库,Redis,MemcacheQ,RabbitMQ",深圳某科技有限公司,计算机软件,天使轮,郭先生,猎头顾问
JAVA开发,北京,,30-50k·14薪,"3-5年,统招本科,系统开发,框架开发,框架设计,Web开发,Spring,Shell,Java",某北京大型互联网公司,人工智能,融资未公开,张先生,猎头顾问
java,成都,,20-40k·14薪,"5-10年,统招本科,服务器开发,MVC,框架开发,框架设计,Web开发,建模语言,Oracle,SQL Server,DB2,MySQL",某深圳保险上市公司,保险,已上市,吴先生,猎头顾问
java高级工程师,成都,,20-40k,"3-5年,统招本科,架构设计,功能开发,模块开发,JVM,框架开发,框架设计,Java",某知名电商平台,电子商务,已上市,王先生,猎头顾问
java,广州,,6-10k,"1-3年,学历不限,框架设计,框架开发,需求分析,Web开发,架构设计,Oracle,Redis,Java,Maven",某北京互联网上市公司,大数据,已上市,李女士,猎头顾问
java,广州-天河区,,7-10k,"1-3年,学历不限,需求分析,框架设计,框架开发,架构设计,Web开发,Redis,Java,Oracle,Maven",某北京互联网上市公司,大数据,已上市,简女士,猎头顾问
Java开发工程师,北京,,15-30k,"经验不限,学历不限,框架设计,框架开发,Vue,模块开发,jQuery,JVM,前端开发,大数据领域,搜索引擎,Java",某国企上市集团,电子设备,已上市,侯女士,猎头顾问
高级java开发工程师,杭州-滨江区,,30-60k·15薪,"3-5年,本科及以上,JVM,模块开发,Hibernate,Spark,Mybatis,Spring,功能开发,框架开发,框架设计,架构设计",某互联网公司,电子商务,A轮,陈女士,猎头顾问
高级java工程师,上海-嘉定区,,30-50k,"5-10年,统招本科,必须具备团队管理经验，10+人团",某北京知名互联网公司,人工智能,B轮,宋女士,猎头顾问
java后端开发,南京-雨花台区,,15-20k,"3-5年,本科及以上,通信领域,后端开发,云计算领域,框架开发,框架设计,Objective-C,Docker,Kubernetes,C/C++,C语言",全球排名前三灵活用工人力资源外包服务集团,专业服务,融资未公开,郑先生,猎头顾问
java,上海,,20-30k·15薪,"3-5年,统招本科,Java,Spring,SpringMVC,Mybatis,MySQL,Oracle,Dubbo,Spring Cloud",某大型互联网公司,互联网+,B轮,刘先生,猎头顾问
Java,上海,,20-40k·16薪,"3-5年,统招本科,框架开发,框架设计,架构设计,服务器开发,JVM,Java",某上海大型互联网公司,互联网+,B轮,程女士,猎头顾问
java中台/后台开发工程师（互联网/j金融）,深圳-南山区,,25-50k·16薪,"3-5年,统招本科,Spring,Mybatis,PostgreSQL,Kafka,Redis,RabbitMQ,Java,MySQL,金融领域,系统开发",某互联网公司,金融科技,,卢女士,猎头顾问
java架构师,北京,,35-45k·14薪,"5-10年,本科及以上,技术支持,架构设计,系统设计,JVM,Java",国内知名保险公司,计算机软件,不需要融资,宋先生,猎头顾问
高级JAVA工程师 90M0099588,北京-朝阳区,,20-30k·16薪,"3-5年,统招本科,框架开发,框架设计,JVM,R语言",某深圳互联网公司,金融科技,,李女士,猎头顾问
Java开发工程师,杭州,,25-40k·14薪,"3-5年,统招本科,JVM,模块开发,Hibernate,Spark,Mybatis,Spring,功能开发,框架设计,框架开发,架构设计",某杭州互联网公司,互联网/电商,融资未公开,刘先生,猎头顾问
Java总架构,北京,,45-75k,"5-10年,本科及以上,Java,Java架构,Hadoop,腾讯云,阿里云,aws,azure,Spring,Kafka,Socket",某高精度定位,导航定位,战略融资,胡女士,猎头顾问
Java研发专家,上海,,30-55k,"5-10年,统招本科,Java服务端开发",某上海大型保险公司,保险,战略融资,张先生,猎头顾问
高级java工程师,上海-嘉定区,,35-60k,"5-10年,统招本科,Hibernate,Vue,Dubbo,架构开发,SpringBoot,Spring,系统开发,前端开发,Vue.js,Mybatis",某北京知名互联网公司,人工智能,B轮,宋女士,猎头顾问
高级java开发工程师,武汉-洪山区,,20-30k·16薪,"3-5年,硕士及以上,SpringBoot,Spring Boot,Mybatis,Netty,JVM,架构设计,系统开发,SpringCloud,MySQL,Redis",国内某银行系金融科技公司,金融科技,战略融资,杨先生,猎头顾问
软件项目经理（java）,大连,,16-20k·13薪,"5-10年,本科及以上,架构设计,MySQL,SQL,Shell,Python",大连某软件科技有限公司,计算机软件,融资未公开,李女士,猎头顾问
资深java开发工程师,杭州-滨江区,,25-30k·15薪,"3-5年,统招本科,JVM,功能开发,模块开发,框架开发,框架设计,架构设计,Java",互联网专车出行平台,互联网/电商,B轮,沈先生,猎头顾问
java开发,上海-闵行区,,20-30k·15薪,"3-5年,统招本科,SpringCloud,SpringBoot,Spring Boot,Spring,IT/信息化领域,架构设计,SQL,UML,Java",某头部OA行业主板上市公司,互联网/电商,已上市,于女士,猎头顾问
高级Java开发工程师（保险行业Java开发),上海,,26-45k,"5-10年,统招本科,Java",某保险公司,计算机软件,战略融资,王女士,猎头顾问
java高级工程师,武汉,,15-25k·16薪,"3-5年,统招本科,java,saas",某知名上市企业,互联网/电商,融资未公开,刘女士,猎头顾问
java,杭州,,25-50k·18薪,"经验不限,统招本科,高并发",全球头部区块链科技集团,互联网/电商,D轮及以上,宋先生,猎头顾问
高级java工程师,上海,,20-35k·15薪,"5-10年,本科及以上,功能开发,模块开发,需求分析,架构设计,RabbitMQ,Nginx,Redis,MySQL,Java",某软件科技公司,计算机软件,50-99人,马先生,猎头顾问
高级java工程师,北京,,20-40k·14薪,"3-5年,本科及以上,模块开发,JVM,需求分析,架构设计,框架开发,框架设计,服务器开发,UML,Java,JDK",某大型集团,道路运输,1-49人,王女士,猎头顾问
Java架构师,西安,,20-30k·15薪,"5-10年,统招本科,java,spring,dubbo",某外资电商网络科技公司,电子商务,D轮及以上,王女士,猎头顾问
国际检测集团招资深Java/Tech Lead,上海-闵行区,,25-35k·14薪,"5-10年,统招本科,java,后端开发,全栈开发,前端开发,Spring Boot,Spring Cloud,Docker,agile,SQL",某上海大型检测认证公司,检测/认证,融资未公开,杨女士,猎头顾问
java软件开发,深圳-南山区,,12-16k,"1-3年,本科,Web开发,Vue,SpringMVC,MiniUI,前端开发,后端开发,系统开发,Java,C语言,Dataflow",华创国潮(广东)数字文创生态产业集团有限公司,计算机软件,50-99人,揭先生,人事总监
java 开发高级工程师,北京-海淀区,,18-30k·13薪,"3-5年,统招本科,后端开发,Java,Spring Boot,Spring Cloud,Mybatis,Redis,Kafka,IT/信息化领域",中科极限元(杭州)智能科技股份有限公司北京分公司,智能硬件,融资未公开,宋先生,技术
java工程师,西安-高新区,,7-12k,"1-3年,本科",上海真兰仪表科技股份有限公司,仪器/电气/自动化,500-999人,董女士,人事专员
java中级开发工程师,成都-高新区,,20-40k·13薪,"经验不限,统招本科,Java,后端开发,Spring Boot,Spring Cloud,MySQL,Redis,RabbitMQ,银行领域",民生科技有限责任公司,IT服务,5000-10000人,文先生,项目经理
java技术经理,广州-天河区,,20-40k,"5-10年,本科",中金育能科技集团有限公司,IT服务,融资未公开,刘女士,人力
Java开发工程师（app后端开发）,上海,,15-35k·15薪,"5-10年,本科",喜马拉雅,社交网络,其他,郑女士,
java中级工程师,深圳-南山区,,15-23k,"3-5年,统招本科,SpringCloud,Java,后端开发",深圳爱力智云科技有限公司,机械/机电/重工,天使轮,余先生,技术总监
java,北京-海淀区,,13-18k,"1-3年,本科",北京宇信科技集团股份有限公司,IT服务,创业板上市,许女士,
java开发工程师,上海-浦东新区,,12-16k,"1-3年,统招本科",金证财富南京科技有限公司,计算机软件,战略投资,彭女士,HR
java开发工程师,杭州-萧山区,,10-15k,"1-3年,统招本科",金证财富南京科技有限公司,计算机软件,战略投资,彭女士,HR
java高级工程师,北京-东城区,,40-70k,"5-10年,统招本科",民生科技有限责任公司,IT服务,5000-10000人,蒋先生,
高级java工程师,西安-雁塔区,,15-25k,"经验不限,本科,后端开发,架构设计,银行领域",民生科技有限责任公司,IT服务,5000-10000人,安先生,招聘经理
java工程师,杭州-余杭区,,10-15k,"1-3年,大专,SpringBoot,Spring,后端开发,Java,IT/信息化领域,大数据领域,云计算领域",艾卡资产,汽车金融,500-999人,俞女士,人事专员
JAVA开发工程师,上海-长宁区,,15-25k,"经验不限,大专",上海商琦科技有限公司,计算机软件,1-49人,胡女士,行政人事专员
java开发,杭州-余杭区,,11-16k·13薪,"3-5年,统招本科",浙江微萌医院管理有限公司,专业服务,1-49人,杨女士,HRBP
java工程师,杭州-余杭区,,20-30k·13薪,"3-5年,本科",浙江微萌医院管理有限公司,专业服务,1-49人,杨女士,HRBP
java工程师,合肥-经开区,,10-15k,"3-5年,本科,Web开发,app开发,数据库",驰勤信息,互联网/电商,100-499人,刘女士,
java工程师,福州,,6-9k·13薪,"1-3年,本科",福建易联众医疗信息系统有限公司,计算机软件,融资未公开,张女士,HR
java高级工程师,北京-通州区,,20-30k·14薪,"5-10年,统招本科,Java,Spring Boot,架构设计,Spring Cloud,Docker,MySQL,容器",联东集团,房产开发,2000-5000人,崔先生,招聘经理
高级java开发工程师（线上面试+数字人民币项目）,南宁-江南区,,15-23k,"3-5年,本科,Vue,SpringBoot,CSS,HTML,Spring Boot,银行领域,IT/信息化领域",京北方信息,IT服务,已上市,陈女士,招聘专员
Java开发工程师,广州-番禺区,,10-15k,"1-3年,大专",小马智印,计算机软件,500-999人,黄女士,
java工程师,北京-海淀区,,15-20k,"1-3年,统招本科,Mybatis,JVM,框架设计,框架开发,Redis,RabbitMQ,MongoDB,Docker,MySQL",芯际科技,网络安全,天使轮,赵女士,hr
Java运维开发,西安-高新区,,15-26k,"3-5年,大专,Java,Redis,SpringBoot,后端开发,IT/信息化领域,DevOps,APM报表,MQ,中间件运维,Docker",深圳千域时代科技有限公司,互联网/电商,50-99人,李女士,招聘经理
Java开发工程师,成都-高新区,,10-15k·13薪,"3-5年,统招本科,网络开发,通信领域,框架设计,框架开发,需求分析,非关系型数据库,消息队列,Maven,GIT",蜂鸟创新(北京)科技有限公司,计算机软件,融资未公开,张女士,HR
Java后端开发工程师,上海,,15-20k·14薪,"3-5年,本科,SpringBoot,Spring Boot,SpringCloud,系统开发,JVM,通信领域,消息队列,SQL",正大,房地产/建筑,100-499人,鲁女士,HRBP
高级Java研发工程师,成都-高新区,,20-30k,"5-10年,本科,Spring Boot,Java,IT/信息化领域,人工智能领域,大数据领域,云计算领域",中电智元数据科技有限公司,计算机/网络设备,50-99人,秦女士,人力专员
Java运维工程师,杭州-上城区,,7-10k·14薪,"3-5年,统招本科,运维开发,Oracle,SQL Server,SQL",国药控股浙江有限公司,医疗/保健/美容,500-999人,黄先生,
Java开发工程师 (MJ000426),深圳-南山区,,14-28k·14薪,"经验不限,统招本科,JVM,框架开发,框架设计,Java,非关系型数据库",深圳市新国都股份有限公司,智能硬件,已上市,刘女士,HRBP
java中/高级开发工程师,北京-海淀区,,20-40k·14薪,"5-10年,本科,架构设计,系统开发,容器,TIDB,MySQL,PostgreSQL,Java,Objective-C,Shell,C/C++",六分科技,导航定位,B轮,韩女士,人力资源伙伴(HRBP)
Java开发工程师,南京-雨花台区,,7-14k·14薪,"1-3年,本科,Java,数据库开发,后端开发",南京奥途信息技术有限公司,计算机软件,融资未公开,季女士,人事专员
Java开发工程师(J11010),武汉-江夏区,,15-25k·13薪,"3-5年,统招本科,系统开发,工业互联网,后端开发,MINA,Netty,网络开发,Java,分布式数据库,关系型数据库",四方北京,沪深A股上市,2000-5000人,苏先生,HR
高级java工程师（上海）,上海-普陀区,,15-30k,"3-5年,统招本科,Web开发,Shell,Hadoop,Elasticsearch,消息队列,MySQL,Java,Oracle,SQL",威讯柏睿数据科技(北京)有限公司,计算机软件,B轮,王先生,
高级java工程师（北京）,北京-朝阳区,,15-30k,"5-10年,统招本科,Web开发,Shell,Elasticsearch,消息队列,Hadoop,Oracle,MySQL,Java,SQL",威讯柏睿数据科技(北京)有限公司,计算机软件,B轮,王先生,
高级java工程师（西安）,西安-经开区,,15-30k,"5-10年,统招本科,Web开发,Shell,Java,消息队列,Hadoop,Elasticsearch,Oracle,MySQL,SQL",威讯柏睿数据科技(北京)有限公司,计算机软件,B轮,王先生,
java高级工程师,日照-东港区,,10-15k,"3-5年,本科,Web开发,Struts,商业信息化,Hibernate,VR开发,框架开发,框架设计,Spring,架构设计,R语言",山东黄海智能装备有限公司,电子设备,其他,丁女士,人事
JAVA开发—运营IPMT,杭州-滨江区,,18-35k,"3-5年,统招本科,JVM,框架开发,框架设计,J2EE,Java",恒生电子,计算机软件,沪深A股上市,李先生,
java高级工程师,郑州-高新区,,10-15k,"3-5年,本科,框架开发,框架设计,系统开发,电商领域,架构设计,SQL,Oracle,MySQL,SQL Server",中储恒科物联网系统有限公司,机械/机电/重工,融资未公开,赵女士,人资经理
Java工程师(MJ001390),桂林-七星区,,10-15k,"3-5年,本科,框架开发,框架设计,大数据领域",上海移远通信技术股份有限公司,通信业,沪深A股上市,朱先生,
高级java工程师 【产险研发部】,广州-黄埔区,,10-15k·13薪,"5-10年,本科,SpringBoot,Spring MVC,Hibernate,Java,MySQL,Oracle,金融领域,jQuery,系统开发",恒生保泰(广东)科技有限公司,计算机软件,融资未公开,李女士,人事经理
中级java开发工程师,上海-浦东新区,,15-25k·13薪,"3-5年,统招本科,Java,后端开发,Linux,MySQL,搜索引擎,大数据领域,人工智能领域",北京中科闻歌科技股份有限公司,大数据,D轮,赵女士,
Java高级开发工程师,上海-徐汇区,,25-35k,"5-10年,统招本科,模块开发,Mybatis,SpringBoot,Spring,Spring Boot,Spring Cloud,IOS框架,框架开发,框架设计,系统开发",极服项上,企业服务软件,50-99人,刘先生,人事经理
java后端工程师,青岛,,8-15k,"3-5年,大专,框架开发,框架设计,架构开发,架构设计,Spring,模块开发,SpringMVC,SpringBoot,Spring Boot,Mybatis",山东华方智联科技股份有限公司,互联网/电商,其他,王女士,HR
java软件开发,青岛,,8-15k,"3-5年,本科,框架设计,框架开发,架构开发,架构设计,Spring,模块开发,SpringMVC,SpringBoot,Spring Boot,Mybatis",山东华方智联科技股份有限公司,互联网/电商,其他,王女士,HR
后端java开发工程师,北京-海淀区,,20-30k,"5-10年,统招本科,SpringBoot,Spring Boot,Netty,PBR开发,架构设计,服务器开发,JVM,前端开发,Docker,Redis",北京吉大正元信息技术有限公司,计算机软件,沪深A股上市,孙女士,招聘经理
Java工程师(后端),杭州-滨江区,,25-35k,"3-5年,本科,Java,架构设计,Web开发",杭州原与宙科技有限公司,互联网/电商,A轮,李女士,招聘
Java开发工程师（数源科技）,杭州,,9-13k,"1-3年,本科,Spring,IOS框架,服务器开发,SpringBoot,Spring Boot,框架开发,框架设计,SpringMVC,SpringCloud,Web开发",西湖电子集团有限公司,电子/芯片/半导体,2000-5000人,赖先生,新媒体运营
java高级工程师,深圳-龙华区,,18-30k·14薪,"5-10年,本科,大数据领域,JVM,引擎开发,Redis,Kafka,RabbitMQ,Apache,Zookeeper,Nginx,Elasticsearch",深圳市英维克科技股份有限公司,通信业,沪深A股上市,刘女士,人事行政主管
Java开发工程师,广州-南沙区,,8-20k,"3-5年,本科,前端开发,Web开发,消息队列,SQL,Web Service",三雄极光照明,电子/芯片/半导体,沪深A股上市,虞先生,培训经理
JAVA Development Engineer,深圳-福田区,,18-25k,"3-5年,本科,JVM,SystemVerilog,Cache",海通国际(上海)股权投资基金管理有限公司,基金/证券/投资,融资未公开,何女士,
软件开发工程师（JAVA方向）,上海-长宁区,,12-18k,"1-3年,大专,框架开发,框架设计,架构设计,J2EE,Oracle",上海音智达信息技术有限公司,IT服务,100-499人,付女士,猎头顾问
中高级Java开发工程师-QM,北京-海淀区,,20-30k,"5-10年,统招本科,JVM,Netty,PBR开发,架构设计,前端开发,SpringBoot,Spring Boot,服务器开发,Docker,SQL Server",北京吉大正元信息技术有限公司,计算机软件,沪深A股上市,孙女士,招聘经理
Java开发工程师（高级）,北京-朝阳区,,18-21k·14薪,"5-10年,统招本科,框架开发,框架设计,前端开发,架构设计,Web开发",东方口岸,互联网/电商,100-499人,白先生,招聘主管
java工程师,上海,,13-25k·16薪,"1-3年,统招本科,金融领域,Java,Spring,Hibernate,Struts,Mybatis",兴业数金,互联网金融,500-999人,何先生,软件工程师
java工程师,成都-高新区,,13-25k·16薪,"1-3年,统招本科,金融领域,Java,Spring,Hibernate,Struts,Mybatis",兴业数金,互联网金融,500-999人,何先生,软件工程师
Java架构师,北京-石景山区,,25-50k·14薪,"3-5年,统招本科,技术支持,技术战略,JVM,Angular,架构设计,Bootstrap,React,Vue,SQL,Java",北京赛昇科技有限公司,专业服务,50-99人,罗女士,
中级java开发工程师（南航项目）,广州-白云区,,10-15k,"3-5年,大专,Shiro,Dubbo,后端开发,IOS框架,模块开发,JVM,功能开发,架构设计,J2EE",新炬网络,计算机软件,沪深A股上市,张女士,
高级java工程师,北京-朝阳区,,20-35k,"5-10年,本科,Dubbo,Spring,Mybatis,Golang,Java,Kafka,Redis,架构设计,框架开发,云平台",云驰未来,网络安全,A轮,谢女士,人事经理
java开发,广州-天河区,,10-18k,"3-5年,统招本科,保险领域,商业信息化,Mybatis,系统开发,SQL,SQL Server,Unix",上海华钦信息科技股份有限公司,计算机软件,1000-2000人,张先生,创业
java,广州-越秀区,,10-18k,"3-5年,统招本科,系统开发,SQL Server,SQL,Unix,Linux",上海华钦信息科技股份有限公司,计算机软件,1000-2000人,张先生,创业
java高级工程师,西安-碑林区,,15-20k,"5-10年,本科,Java,MySQL,Oracle,系统开发,架构设计",惠宾科技,互联网/电商,融资未公开,豆女士,招聘经理
java开发工程师,上海,,15-20k,"3-5年,本科,SpringCloud,Spring,Spring Boot,SpringBoot,Vue,模块开发,IT/信息化领域,IOS框架,框架设计,框架开发",国工智能,人工智能,100-499人,林先生,董事、董秘、总助
后端java开发工程师,北京-朝阳区,,15-30k,"3-5年,本科,Spring,云计算领域,Mybatis,Java,Kafka,Redis,Python,全栈开发,汽车领域,Dubbo",云驰未来,网络安全,A轮,谢女士,人事经理
java工程师,武汉-江夏区,,11-20k,"3-5年,统招本科,Spring,Java,后端开发,Spring MVC,Spring Cloud,Spring Boot",深开鸿,物联网,融资未公开,钱先生,招聘负责人
Java开发工程师,南昌-红谷滩区,,6-10k,"经验不限,本科,后端开发,IT/信息化领域,医疗领域",北京维思陆科技有限公司,IT服务,融资未公开,司女士,人事
资深java架构师,北京-朝阳区,,25-40k·13薪,"5-10年,统招本科,云计算领域,网络开发,Spring,运维管理,Mybatis,JVM,Objective-C,C/C++,C语言,Java",云驰未来,网络安全,A轮,谢女士,人事经理
JAVA软件工程师（校招）,苏州-相城区,,8-15k·14薪,"一年以下,本科,框架开发,框架设计,后端开发,全栈开发,前端开发,SQL",清华大学苏州汽车研究院(相城),汽车/摩托车,50-99人,王女士,人事经理
高级java开发工程师,成都-高新区,,20-40k,"5-10年,统招本科,Java,后端开发,金融领域",成都质数斯达克科技有限公司,企业服务软件,50-99人,刘先生,招聘经理
Java开发工程师 (MJ000044),上海-嘉定区,,6-12k,"1-3年,本科,Web开发,移动开发",上海新微技术研发中心有限公司,物联网,B轮,丁女士,人事主管
java工程师,广州-黄埔区,,4-8k,"经验不限,本科,应届毕业生",广州四三九九游戏,游戏开发,融资未公开,邱先生,产品运营
java开发工程师（临安）(001519),杭州-临安区,,8-14k·15薪,"1-3年,统招本科,Spring,SpringBoot,Spring Boot,Mybatis,架构设计,SpringCloud,IOS框架,MVC,功能开发,模块开发",浙江众合科技股份有限公司,计算机/网络设备,已上市,余女士,招聘主管
java工程师,深圳-南山区,,12-18k,"3-5年,统招本科,Hibernate,Struts,Spring,系统开发,Mybatis,Java,MySQL,J2EE,Oracle",成都佳伊聘科技有限公司,计算机软件,1-49人,王女士,HR
JAVA后端开发工程师,上海,,20-40k,"3-5年,本科,IT/信息化领域,框架设计,框架开发,架构设计,需求分析,服务器开发,网络开发,Docker",上海电气集团企业服务有限公司,专业服务,100-499人,钟先生,招聘经理
JAVA后端开发工程师,上海,,15-30k,"3-5年,本科,Java",上海电气集团股份有限公司中央研究院,机械/机电/重工,100-499人,林先生,招聘经理
Java,上海-徐汇区,,30-40k·15薪,"5-10年,本科,Spring,模块开发,框架设计,框架开发,后端开发,Spring Cloud,JVM,大数据领域,Java,Redis",公牛集团,家具/家电,沪深A股上市,左女士,招聘经理
java高级开发工程师,北京-朝阳区,,15-30k·14薪,"5-10年,本科,框架开发,框架设计,架构设计,Web开发,前端开发",东方口岸,互联网/电商,100-499人,白先生,招聘主管
java中级开发工程师,北京-朝阳区,,10-15k·14薪,"3-5年,本科,框架开发,框架设计,Web开发,前端开发,架构设计",东方口岸,互联网/电商,100-499人,白先生,招聘主管
Java高级开发工程师,福州-鼓楼区,,15-25k·13薪,"5-10年,统招本科,Spring MVC,SpringCloud,Spring Boot,系统开发,Spring,Java,IT/信息化领域,Oracle,MySQL",北京思诺博信息技术有限公司,ERP,融资未公开,姚女士,人事经理
Java高级开发工程师,南京-鼓楼区,,15-25k·13薪,"5-10年,统招本科,Spring MVC,SpringCloud,Spring Boot,系统开发,Spring,Java,IT/信息化领域,Oracle,MySQL",北京思诺博信息技术有限公司,ERP,融资未公开,姚女士,人事经理
Java高级开发工程师,成都-武侯区,,15-25k·13薪,"5-10年,统招本科,Spring MVC,SpringCloud,Spring Boot,系统开发,Spring,Java,IT/信息化领域,Oracle,MySQL",北京思诺博信息技术有限公司,ERP,融资未公开,姚女士,人事经理
Java高级工程师（互联网医疗平台）,广州-海珠区,,20-30k,"3-5年,大专,医疗领域,架构设计,框架设计,框架开发,RocketMQ,Web开发,RabbitMQ,Elasticsearch,Docker,消息队列",广东顺信服科技有限责任公司,医疗/保健/美容,融资未公开,李女士,人事经理
Java高级工程师（医疗业务）,广州-海珠区,,18-25k,"3-5年,大专,架构设计,医疗领域,框架开发,框架设计,RocketMQ,系统开发,Web开发,MongoDB,ClickHouse,RabbitMQ",广东顺信服科技有限责任公司,医疗/保健/美容,融资未公开,李女士,人事经理
Java高级工程师（医疗业务）,广州-海珠区,,18-25k,"3-5年,大专,架构设计,医疗领域,框架开发,框架设计,RocketMQ,系统开发,Web开发,MongoDB,ClickHouse,RabbitMQ",广东顺信服科技有限责任公司,医疗/保健/美容,融资未公开,李女士,人事经理
JAVA开发工程师,深圳,,11-16k·14薪,"3-5年,大专,Spring,Dubbo,Java",佳思德科技(深圳)有限公司,仪器仪表,100-499人,吴女士,
java软件开发,重庆-渝北区,,10-15k·13薪,"1-3年,统招本科,Mybatis,框架开发,框架设计,Redis,MySQL,消息队列,Oracle,Java,容器,Linux",紫光软件系统有限公司重庆分公司,计算机软件,50-99人,左女士,HR
java研发工程师,厦门-思明区,,12-20k,"3-5年,本科,Java,后端开发,银行领域,IT/信息化领域,金融领域",天阳宏业,计算机软件,创业板上市,王女士,hr
资深java架构师,宁波-鄞州区,,20-30k·14薪,"5-10年,本科,架构设计,系统设计,技术支持,Java",网优达,专业服务,B轮,方女士,HR
高级java工程师,北京-海淀区,,30-60k·15薪,"3-5年,统招本科,架构设计,非关系型数据库,Java",深圳虾皮信息科技有限公司,互联网/电商,5000-10000人,及女士,Senior Recruiter
Java开发工程师,北京-海淀区,,20-40k·15薪,"1-3年,统招本科,架构设计,非关系型数据库,Java",深圳虾皮信息科技有限公司,互联网/电商,5000-10000人,及女士,Senior Recruiter
Java后端工程师(JU6UV),南京-江宁区,,15-30k,"3-5年,统招本科,物联网,Netty",中科创达软件股份有限公司,计算机/网络设备,沪深A股上市,彭女士,HR
java后台开发,深圳-光明区,,15-28k,"5-10年,本科,框架开发,框架设计,JVM,MySQL,Java",深圳鸿创欣信息技术有限公司,计算机软件,1-49人,郭先生,研发经理
java技术经理,广州-黄埔区,,20-26k·16薪,"5-10年,统招本科,架构设计,JVM,系统设计,后端开发,Java",TCL金融,信托/担保/拍卖,100-499人,李先生,招聘经理
java全栈开发工程师,广州-番禺区,,12-15k·13薪,"3-5年,本科,Java,SpringMVC,Web开发,Hibernate,Bootstrap,全栈开发,Javascript,CSS,MySQL,IT/信息化领域",晶新软件,计算机软件,融资未公开,潘先生,技术/研发经理
java中级开发工程师（西安）,西安-高新区,,10-15k·13薪,"3-5年,本科,模块开发,框架开发,框架设计,Scala,脚本语言,J2EE,LabVIEW,MySQL,Golang,Oracle",广州金越软件技术有限公司,计算机软件,融资未公开,林女士,人事
JAVA开发工程师,广州-番禺区,,7-14k·14薪,"1-3年,本科,jQuery,D语言,SQL",广州鹏辉能源科技股份有限公司,新能源,已上市,丁先生,招聘主管
Java架构师,深圳-宝安区,,25-35k·14薪,"5-10年,统招本科,架构设计,Spring Cloud,系统设计,JVM,Spring,Java",深圳市富兰瓦时技术有限公司,新能源,100-499人,高女士,人事
计费系统工程师(Java方向）,深圳-龙岗区,,10-20k,"3-5年,本科,Mybatis,架构设计,框架开发,框架设计,Java",思达仪表,电子/芯片/半导体,500-999人,郑女士,
Java高级开发工程师,上海,,面议,"5-10年,本科,后端开发,全栈开发,前端开发,架构设计,人工智能领域,MySQL,Oracle",复地,房地产/建筑,2000-5000人,谢先生,高级招聘经理
后端java开发工程师,沈阳-浑南区,,10-15k,"3-5年,大专,Mybatis,Spring,SpringMVC,SpringCloud,SpringBoot,Spring Boot,框架开发,框架设计,通信领域,架构设计",海润股份,检测/认证,其他,张先生,
后端java开发工程师,天津-滨海新区,,12-15k,"5-10年,大专,SpringCloud,SpringBoot,模块开发,移动开发,需求分析,Javascript,IT/信息化领域",海润股份,检测/认证,其他,张先生,
java程序员,武汉-武昌区,,7-10k·16薪,"1-3年,大专,功能开发,Java,后端开发,系统开发,商业信息化",武汉中商集团有限公司,融资未公开,5000-10000人,李女士,招聘专员
java工程师,上海-静安区,,15-20k,"经验不限,统招本科,Web开发,Spring,Struts,商业信息化,Hibernate,VR开发,框架开发,框架设计,架构设计,R语言",上海颖派汽车科技有限公司,汽车/摩托车,1-49人,吴先生,
高级java开发工程师,深圳-南山区,,25-30k,"5-10年,大专,模块开发,功能开发,架构设计,RocketMQ,Mybatis,Spring,SpringBoot,Spring Boot,系统开发,网络开发",东博科技,互联网/电商,天使轮,黄女士,HR
java工程师（高级）,厦门-集美区,,10-20k·13薪,"5-10年,本科,VR开发,模块开发,Hibernate,IT/信息化领域,SpringMVC,架构设计,框架开发,框架设计,R语言,XML",蓝凌软件,计算机软件,2000-5000人,肖女士,HRBP
java开发/运维开发/中间件开发-DevOps,重庆-南岸区,,12-25k,"3-5年,大专,Java,Elasticsearch,Linux,后端开发,UUC,DevOps,SpringBoot,ELK",深圳千域时代科技有限公司,互联网/电商,50-99人,李女士,招聘经理
Java开发工程师(武汉),武汉-汉阳区,,15-25k,"3-5年,大专,架构设计,RocketMQ,架构开发,VR开发,RabbitMQ,分布式数据库,R语言,UML",珠海派诺科技股份有限公司,能源/水利,已上市,涂女士,hr
java高级工程师,长沙-岳麓区,,16-24k·13薪,"10年以上,统招本科,架构设计,人工智能领域,通信领域,Spring Cloud,系统开发,全栈开发,移动开发,音视频开发",湖南智领通信科技有限公司,通信业,融资未公开,陈女士,人事
Java工程师,深圳-福田区,,8-15k,"3-5年,本科,架构设计,JVM,功能开发,模块开发,框架开发,框架设计,消息队列,Oracle,MySQL",深圳市世鹏资产评估房地产土地估价顾问有限公司,房地产服务,100-499人,刘先生,人力执行总监
JAVA开发工程师(中高级),珠海,,15-25k,"3-5年,大专,架构设计,RocketMQ,VR开发,架构开发,RabbitMQ,分布式数据库,UML,R语言",珠海派诺科技股份有限公司,能源/水利,已上市,涂女士,hr
java开发,成都-高新区,,15-20k,"3-5年,统招本科,模块开发,框架开发,框架设计,架构设计,Redis,MySQL,PostgreSQL,MongoDB",北京瑞友科技股份有限公司,计算机软件,其他,李女士,招聘
java开发,上海-闵行区,,20-40k·14薪,"1-3年,本科,模块开发,Oracle,MySQL",江西小马机器人有限公司,批发零售,A轮,欧女士,人事主管
java工程师,深圳,,10-15k·14薪,"1-3年,大专,需求分析,MySQL,Java,全栈开发,前端开发,后端开发",佳思德科技(深圳)有限公司,仪器仪表,100-499人,肖先生,HR
JAVA开发工程师（BOM领域）,广州-花都区,,12-20k,"3-5年,本科,模块开发,SpringMVC,功能开发,需求分析,SQL,J2SE,关系型数据库",联友科技,计算机软件,1000-2000人,王女士,人才运营科科长
JAVA技术经理,武汉-武昌区,,15-20k,"5-10年,统招本科,架构设计,架构开发,J2EE,SQL",奥哲网络,互联网/电商,C轮,黄先生,高级招聘
Java开发工程师(J10452),上海-闵行区,,15-25k,"3-5年,本科,Java",上海凯士比泵有限公司,机械/机电/重工,500-999人,徐女士,高级招聘专员
Java开发工程师(XJ002399),北京,,20-30k·13薪,"5-10年,统招本科,Java",北京牛电科技有限责任公司,智能硬件,美股上市,贾女士,人力资源主管/招聘主管
java开发工程师,苏州-工业园区,,10-15k,"1-3年,统招本科,Web Service,网页开发",苏州伊欧陆系统集成有限公司,电子/芯片/半导体,50-99人,刘女士,人事
Java工程师,北京-海淀区,,20-30k,"3-5年,本科,模块开发,MySQL,Oracle,SQL,UML,GIT",北京大数据先进技术研究院,大数据,融资未公开,张女士,人力资源
Java开发工程师,深圳-南山区,,20-35k,"3-5年,本科,模块开发,功能开发,框架设计,框架开发,JVM,Java,消息队列",矩阵元,互联网/电商,A轮,戴女士,人事总监
Java开发实习生,杭州-余杭区,,3k,"经验不限,本科,Web开发,功能开发,模块开发,需求分析,MySQL,SQL",杭州思普盟网络科技有限公司,计算机软件,B轮,许女士,
java工程师,广州,,8-15k·13薪,"3-5年,本科,Hibernate,HTML,Nginx,Tomcat,SQL",中兴新支点,计算机软件,100-499人,李女士,HR
Lead Software Engineer (Java),深圳-南山区,,面议,"5-10年,学历不限,CI,Java,SQL,.NET,ActionScript,SQL Server,Linux",亿磐,计算机软件,美股上市,李女士,无
中级java开发工程师,深圳-南山区,,12-17k,"3-5年,本科,Spring,Java,SpringBoot,MySQL,后端开发",深圳云游四海信息科技有限公司,物联网,融资未公开,何先生,人力资源总监
java开发,深圳-南山区,,9-11k,"1-3年,本科,Java,Spring,SpringBoot,MySQL,Web开发",深圳云游四海信息科技有限公司,物联网,融资未公开,何先生,人力资源总监
java开发,杭州-拱墅区,,18-25k,"1-3年,统招本科,Spring Cloud,Java,后端开发,Vue,大数据领域,金融领域,工业互联网",天道金科股份有限公司,计算机软件,战略投资,李先生,HR
java开发软件工程师,宁波-鄞州区,,12-24k·13薪,"3-5年,统招本科,Java,后端开发,Spring Boot,Mybatis",一木智能,计算机视觉,50-99人,杨女士,
Java,苏州,,10-15k,"3-5年,本科,Spring,系统开发,Netty,人工智能领域,Mybatis,JVM,后端开发,通信领域,Redis,消息队列",苏州航天系统工程,IT服务,50-99人,顾女士,经理
JAVA后端开发工程师,天津,,13-22k,"3-5年,统招本科,大数据领域,JVM,后端开发,网络开发,前端开发,通信领域,Tomcat,MySQL,非关系型数据库",国网瑞嘉,机器人,100-499人,韩女士,HRBP
JAVA软件工程师,武汉-武昌区,,12-16k,"经验不限,统招本科,JVM,架构设计,SpringCloud,Dubbo,系统开发,消息队列,RabbitMQ,Docker,容器,Kafka",湖北长江云新媒体集团有限公司,互联网+,100-499人,鄢女士,招聘专员
java开发,宁波-鄞州区,,12-24k·13薪,"3-5年,本科,Java,系统开发,Spring Boot,SQL,后端开发",一木智能,计算机视觉,50-99人,李女士,人事经理
软件技术部—高级java开发工程师,杭州-滨江区,,15-30k·15薪,"5-10年,统招本科,UML,PostgreSQL,MySQL,Oracle,Linux",海康威视,计算机软件,沪深A股上市,方女士,招聘HR
Java开发工程师,深圳,,15-30k·14薪,"3-5年,统招本科,Java",顺丰,交通/物流/运输,10000人以上,栗先生,招聘经理
java工程师,北京,,18-25k,"3-5年,统招本科,模块开发,框架开发,框架设计,功能开发,系统开发,Java,SQL",观成科技,计算机软件,A轮,李先生,总经理
java高级工程师,北京-东城区,,20-25k,"5-10年,本科,Mybatis,框架开发,框架设计,Spring,JVM,IT/信息化领域,架构设计,前端开发,MySQL,消息队列",中远海运科技(北京)有限公司,计算机软件,100-499人,王女士,人力资源部主管
中级java开发工程师,广州-海珠区,,18-25k,"5-10年,大专,模块开发,功能开发,大数据领域,容器,消息队列",湛蓝科技,互联网/电商,融资未公开,刘先生,招聘经理
软件开发工程师（c++或Java）,武汉-江夏区,,10-20k·14薪,"3-5年,本科,C++,Java,Python",光庭信息,IT服务,1000-2000人,梁先生,
中级java开发工程师,上海,,18-23k·13薪,"3-5年,统招本科,框架开发,框架设计,架构设计",复深蓝软件,计算机软件,2000-5000人,张女士,招聘经理
Java,北京-朝阳区,,20-30k,"5-10年,统招本科,Java",北京网路智联科技有限公司,交通/物流/运输,50-99人,杨女士,无
Java开发工程师,重庆-南岸区,,1-2k,"3-5年,本科,前端开发,系统开发,Java",重庆交大交通安全科技研究院有限公司,规划/设计/装潢,1-49人,董女士,综合办负责人
Java开发工程师,广州-番禺区,,5-6k,"1-3年,学历不限,框架设计,框架开发,JVM,容器",爱家云信息科技有限公司,企业服务软件,融资未公开,林女士,
Lead Software Engineer (Java),成都-高新区,,面议,"5-10年,学历不限,CI,ActionScript,Java,SQL Server,.NET,SQL,Linux",亿磐,计算机软件,美股上市,李女士,无
Java高级开发工程师,深圳,,20-40k,"5-10年,本科,系统开发,Mybatis,消息队列,Java,SQL,非关系型数据库,MySQL,Linux",善筑控股集团有限公司,房产服务,其他,雷女士,
Java技术主管,无锡-新吴区,,20-30k·13薪,"3-5年,本科,Java,SQL,Spring,大数据领域",极熵数据,IT服务,A轮,邹先生,人事专员
java工程师,南昌-南昌县,,10-15k,"3-5年,大专,Java,需求分析,后端开发,框架开发,SQL,Javascript,SQL Server,Oracle,MySQL,工业互联网",欧菲光集团股份有限公司,电子/芯片/半导体,沪深A股上市,郭先生,招聘经理
Java开发工程师,北京,,15-25k,"3-5年,本科,Shell,分布式技术,多线程,服务器配置,数据结构,消息队列,搜索引擎技术,Spring",北京智慧星光信息技术有限公司,计算机软件,1000-2000人,刘女士,
Java开发工程师,武汉-洪山区,,15-25k,"3-5年,统招本科,Spring,Netty",矩阵元,互联网/电商,A轮,戴女士,人事总监
高级Java开发工程师 (MJ000238),上海,,20-35k,"经验不限,本科",快仓智能,人工智能,C轮,任女士,人力资源总监
Java开发工程师(高级，物联网saasD+轮）,广州,,20-30k,"3-5年,本科,源码,netty",乐摇摇,行业Saas,D轮,郭女士,
中级java软件工程师,上海-闵行区,,25-40k·14薪,"5-10年,统招本科,Java,Java框架",山景智能(北京)科技有限公司,AI行业应用,A轮,赵女士,高级招聘主管
Java研发主管,武汉,,20-25k,"3-5年,统招本科,Java,ssh,Springmvc,Mybatis,软件开发,计算机,程序员,通信,电子,软件工程师",武汉研锶信息科技有限公司,互联网+,融资未公开,刘先生,
高级Java工程师,武汉,,14-22k,"3-5年,统招本科,Java,ssh,Springmvc,Mybatis,软件开发,计算机,程序员,通信,电子,软件工程师",武汉研锶信息科技有限公司,互联网+,融资未公开,刘先生,
Java工程师,武汉,,10-14k,"1-3年,统招本科,Java,ssh,Springmvc,Mybatis,软件开发,计算机,程序员,通信,电子,软件工程师",武汉研锶信息科技有限公司,互联网+,融资未公开,刘先生,
高级JAVA开发工程师 (MJ000094),成都-武侯区,,10-15k,"5-10年,大专,Mybatis,Spring,电商领域,J2EE,RabbitMQ,Redis,Zookeeper,Kafka,MySQL,Java",富安娜家居,家具/家电,沪深A股上市,江女士,招聘主管
JAVA开发工程师 (MJ000093),深圳,,9-12k,"经验不限,大专",富安娜家居,家具/家电,沪深A股上市,江女士,招聘主管
java工程师,北京,,12-18k·14薪,"3-5年,本科,模块开发,JUnit,功能开发,Web开发,需求分析,Oracle,Tomcat,SQL,Shell",珠海汇金科技股份有限公司,金融科技,创业板上市,莫女士,招聘主管
Java技术主管,无锡-新吴区,,20-30k·13薪,"5-10年,本科,大数据领域,架构设计,系统开发,消息队列,Java,SQL,GIT",极熵数据,IT服务,A轮,周女士,人事专员
Java开发工程师,深圳,,13-20k,"3-5年,大专,Java,sql",兴融联股份,IT服务,新三板上市,罗女士,
java中高级开发工程师,南京,,16-30k·15薪,"3-5年,大专,模块开发,功能开发,框架设计,框架开发,SpringCloud,Spring,Mybatis,SpringMVC,系统开发,SpringBoot",天与养老,互联网+,A轮,郭女士,人力资源经理
Java RPA开发工程师,合肥-高新区,,9-15k·14薪,"1-3年,本科,IT/信息化领域,框架开发,框架设计,Redis,HTML,消息队列,MySQL",上海最会保网络科技有限公司,互联网金融,C轮,张女士,HRBP
Java开发-预算/合同/资产管理开发,东莞-长安镇,,10-20k,"3-5年,大专,源码,设计模式,Spring,Dubbo,Mybatis,微服务框架,redis,性能优化,Linux,资产管理系统",深圳千域时代科技有限公司,互联网/电商,50-99人,李女士,招聘经理
Java开发/运维开发,东莞-长安镇,,16-26k,"3-5年,大专,分布式系统,Springboot,Elasticsearch,ELK,监控,Linux,Java,运维",深圳千域时代科技有限公司,互联网/电商,50-99人,李女士,招聘经理
JAVA开发工程师,上海-静安区,,15-30k,"3-5年,统招本科,Java,JAVA数据库",名筑科技信息有限公司,B2B,1-49人,文女士,
java开发经理,北京-海淀区,,18-25k,"5-10年,大专,分布式,spring,java,mysql,mybatis,数据库,oracle,linux,struts,sql",北京宇信科技集团股份有限公司,IT服务,创业板上市,许女士,
Java资深开发工程师,上海-浦东新区,,15-25k,"3-5年,本科,spring,java,mybatis,数据库,hibernate,oracle,sql,jquery,javascript,html",赫比国际,电子/芯片/半导体,10000人以上,涂女士,人事
java开发工程师-UD项目,天津-东丽区,,12-24k,"经验不限,本科,spring,java,hibernate,oracle,sql,docker,jenkins",软通动力分支机构,互联网/电商,10000人以上,徐女士,猎头顾问
资深java开发工程师,上海,,25-30k,"5-10年,统招本科,分布式,spring,java,mysql,数据库,oracle,linux,dubbo",顶昂科技,汽车后市场,100-499人,张女士,人事主管
java开发,上海-徐汇区,,20-25k,"5-10年,大专,java,mysql,mybatis,数据库,redis",北京瑞友科技股份有限公司,计算机软件,其他,李女士,招聘
Java开发工程师,北京-海淀区,,15-35k·14薪,"经验不限,本科,分布式,spring,java,mysql,mybatis,redis,dubbo,shell",北京深睿博联科技有限责任公司,医疗器械,100-499人,张女士,hr
java工程师(双休+五险一金）,郑州,,8-12k,"3-5年,大专,分布式,spring,java,mybatis,数据库,redis,oracle,sql,git,idea",郑州软语科技有限公司,计算机软件,100-499人,米女士,HR
高级JAVA开发,西安-雁塔区,,12-20k,"5-10年,大专,分布式,spring,java,mysql,mybatis,数据库,redis,oracle,linux,jquery",广州天维信息技术股份有限公司,计算机软件,新三板上市,张女士,
java开发工程师,上海,,12-24k,"1-3年,本科,spring,java,mysql,redis,vue,etl",深圳市雪球科技有限公司,互联网/电商,50-99人,倪女士,HRM
Java开发工程师 (MJ000620),广州-天河区,,15-25k,"1-3年,大专,spring,java,linux,sql,javascript,html,eclipse",瞬联软件科技,计算机软件,1000-2000人,刘女士,招聘经理
高级java开发工程师,广州-海珠区,,20-25k,"5-10年,大专,分布式,spring,java,mysql,mybatis,数据库,redis,dubbo,mongodb,postgresql",湛蓝科技,互联网/电商,融资未公开,刘先生,招聘经理
java开发工程师,苏州-工业园区,,10-20k,"1-3年,统招本科,mysql,sql,socket技术,svn,webserver",苏州伊欧陆系统集成有限公司,电子/芯片/半导体,50-99人,朱女士,人事
java软件开发,佛山-顺德区,,10-15k·13薪,"1-3年,大专,软件开发,二次开发",炬森五金,机械设备制造,2000-5000人,王女士,招聘专员
中高级java开发工程师,上海,,15-25k,"3-5年,统招本科,分布式,spring,java,mysql,数据库,oracle,linux,dubbo",顶昂科技,汽车后市场,100-499人,陈女士,人事专员
初级java工程师,上海,,10-14k,"1-3年,统招本科,分布式,spring,java,mysql,数据库,oracle,linux,dubbo",顶昂科技,汽车后市场,100-499人,陈女士,人事专员
java开发工程师-Sony项目,成都-高新区,,10-15k,"经验不限,本科,spring,java,hibernate,linux,git,docker,idea",软通动力分支机构,互联网/电商,10000人以上,徐女士,猎头顾问
Java开发工程师-本部,成都,,12-15k,"3-5年,本科,spring,java,hibernate,linux,git,docker,idea",软通动力分支机构,互联网/电商,10000人以上,马女士,顾问(C)
高级java开发工程师,南京-江宁区,,18-25k·15薪,"3-5年,本科,分布式,spring,java,mysql,mybatis,数据库,redis,sql",天与养老,互联网+,A轮,郭女士,人力资源经理
中级java开发工程师,北京-朝阳区,,16-32k·14薪,"3-5年,大专,分布式,spring,java,mysql,mybatis,数据库,redis,sql,netty,python",深圳市雪球科技有限公司,互联网/电商,50-99人,倪女士,HRM
java开发工程师（数据治理）,广州,,15-20k·13薪,"3-5年,本科,java",广州金越软件技术有限公司,计算机软件,融资未公开,林女士,人事
JAVA中级开发工程师,广州-黄埔区,,15-18k,"3-5年,统招本科,spring,java,mysql,mybatis,数据库,redis",恒峰信息技术有限公司,在线教育,已上市,何女士,HR
Java开发工程师,北京-昌平区,,8-15k·14薪,"经验不限,统招本科,java,mysql,mybatis,数据库,redis,oracle,linux,sql",荣盛盟固利新能源科技有限公司,新能源,2000-5000人,程女士,招聘经理
Java开发工程师,常州-钟楼区,,10-20k,"3-5年,学历不限,spring,java,mysql,mybatis,数据库,redis,linux,sql,git,docker",中电数字,医疗信息化,100-499人,朱女士,HR 经理
java工程师,杭州-上城区,,13-26k·15薪,"1-3年,统招本科,分布式,spring,java,mysql,mybatis,redis,sql,dubbo,nosql,mongodb",金帝联合控股集团有限公司,房产开发,500-999人,宋女士,
应用开发工程师（JAVA）,北京,,10-14k,"1-3年,大专,java,sql,javascript,html,git,ssm,mysql,oracle,redis,服务器配置",同方股份计算机产业本部,计算机/网络设备,10000人以上,张女士,招聘主管
MES（Java） 工程师,上海-浦东新区,,10-16k,"3-5年,本科,java,mysql,数据库,oracle,sql,javascript,android,c#",赫比国际,电子/芯片/半导体,10000人以上,涂女士,人事
后端中级JAVA工程师,广州-天河区,,18-25k,"3-5年,大专,分布式,spring,java,mysql,mybatis,数据库,oracle,linux,sql,dubbo",贤能数科,互联网金融,50-99人,黄女士,人力总监
Java开发工程师,上海-静安区,,15-17k,"3-5年,大专,分布式,spring,java,mysql,mybatis,数据库,hibernate,oracle,linux",上海媛福达贸易有限公司,快消品,500-999人,张女士,招聘经理/主管
java开发工程师,广州,,12-17k,"3-5年,统招本科,分布式,java,mysql,mybatis,数据库,redis,oracle,nosql,git",壹链盟,金融科技,100-499人,徐先生,招聘经理
java开发工程师,杭州-拱墅区,,14-20k·13薪,"3-5年,大专,分布式,spring,java,mysql,数据库,linux",全速网络,互联网+,1000-2000人,张先生,招聘官
java开发工程师,上海-浦东新区,,10-15k·15薪,"经验不限,统招本科,spring,java,mysql,mybatis,数据库,redis,sql,nosql,前端开发",上海元年金融信息服务有限公司,基金,100-499人,王女士,人力资源副经理
java工程师,北京-朝阳区,,15-30k,"1-3年,大专,spring,java,svn,git,netty",德联易控,互联网/电商,50-99人,胡女士,HRD
高级java工程师,无锡-新吴区,,15-30k,"3-5年,本科,java",江苏奥立信数字科技有限公司,计算机软件,50-99人,缪女士,人力资源总监
后端Java开发工程师,苏州-相城区,,10-20k,"1-3年,本科,分布式,spring,java,mysql,mybatis,数据库,redis,linux,sql,nosql",苏州高铁新城人力资源管理有限公司,专业服务,1-49人,顾先生,寻访员(R)
高级开发工程师（JAVA）,杭州,,15-25k,"3-5年,本科,分布式,spring,java,mysql,数据库,redis,oracle,linux,sql,dubbo",顿力集团,机械/机电/重工,1000-2000人,施女士,招聘经理
高级Java开发工程师 (MJ000022),上海,,面议,"5-10年,统招本科,java,mysql,mybatis,数据库,redis,oracle,linux,sql,dubbo,netty",快仓智能,人工智能,C轮,任女士,人力资源总监
java工程师,北京-朝阳区,,10-14k,"1-3年,大专,java,android",美兰德,专业服务,50-99人,孙女士,副总经理
java开发工程师,上海-静安区,,15-30k,"3-5年,统招本科,spring",名筑科技信息有限公司,B2B,1-49人,单女士,招聘经理
Java开发工程师_北京中台,北京-朝阳区,,15-30k·14薪,"3-5年,大专,分布式,spring,java,mysql,mybatis,数据库,redis,sql,netty,python",深圳市雪球科技有限公司,互联网/电商,50-99人,倪女士,HRM
JAVA开发工程师(J10584),北京-东城区,,15-30k,"3-5年,本科,java",TalkingData,互联网/电商,C轮,王先生,大客户经理
